Copyright 1986-2022 Xilinx, Inc. All Rights Reserved. Copyright 2022-2025 Advanced Micro Devices, Inc. All Rights Reserved.
-----------------------------------------------------------------------------------------------------------------------------------------------------------------------------------------------------------------------------------------
| Tool Version : Vivado v.2025.2 (win64) Build 6299465 Fri Nov 14 19:35:11 GMT 2025
| Date         : Sun Oct  4 01:02:05 2026
| Host         : TABLET-UILAF7IK running 64-bit major release  (build 9200)
| Command      : report_timing -delay_type max -sort_by slack -max_paths 20 -file C:/Users/sikak/Documents/Codex/2026-09-28/riscv-cpu-vga-1-1-github/work/TD8_To_RISCV_v3-pipeline/build/game_vivado/reports/post_route_timing_max20.rpt
| Design       : TD8_RISCV_GAME_TOP
| Device       : 7a35t-cpg236
| Speed File   : -1  PRODUCTION 1.23 2018-06-13
| Design State : Routed
-----------------------------------------------------------------------------------------------------------------------------------------------------------------------------------------------------------------------------------------

Timing Report

Slack (MET) :             0.155ns  (required time - arrival time)
  Source:                 game_soc/cpu/mem_wb_rd_addr_reg[4]/C
                            (rising edge-triggered cell FDCE clocked by sys_clk_pin  {rise@0.000ns fall@5.000ns period=10.000ns})
  Destination:            game_soc/cpu/fetch_address_reg[20]/CE
                            (rising edge-triggered cell FDRE clocked by sys_clk_pin  {rise@0.000ns fall@5.000ns period=10.000ns})
  Path Group:             sys_clk_pin
  Path Type:              Setup (Max at Slow Process Corner)
  Requirement:            10.000ns  (sys_clk_pin rise@10.000ns - sys_clk_pin rise@0.000ns)
  Data Path Delay:        9.607ns  (logic 2.421ns (25.199%)  route 7.186ns (74.801%))
  Logic Levels:           13  (CARRY4=4 LUT4=1 LUT5=3 LUT6=5)
  Clock Path Skew:        -0.033ns (DCD - SCD + CPR)
    Destination Clock Delay (DCD):    4.781ns = ( 14.781 - 10.000 ) 
    Source Clock Delay      (SCD):    5.074ns
    Clock Pessimism Removal (CPR):    0.260ns
  Clock Uncertainty:      0.035ns  ((TSJ^2 + TIJ^2)^1/2 + DJ) / 2 + PE
    Total System Jitter     (TSJ):    0.071ns
    Total Input Jitter      (TIJ):    0.000ns
    Discrete Jitter          (DJ):    0.000ns
    Phase Error              (PE):    0.000ns

    Location             Delay type                Incr(ns)  Path(ns)    Netlist Resource(s)
  -------------------------------------------------------------------    -------------------
                         (clock sys_clk_pin rise edge)
                                                      0.000     0.000 r  
    W5                                                0.000     0.000 r  clk (IN)
                         net (fo=0)                   0.000     0.000    clk
    W5                   IBUF (Prop_ibuf_I_O)         1.458     1.458 r  clk_IBUF_inst/O
                         net (fo=1, routed)           1.967     3.425    clk_IBUF
    BUFGCTRL_X0Y0        BUFG (Prop_bufg_I_O)         0.096     3.521 r  clk_IBUF_BUFG_inst/O
                         net (fo=3487, routed)        1.553     5.074    game_soc/cpu/clk_IBUF_BUFG
    SLICE_X47Y21         FDCE                                         r  game_soc/cpu/mem_wb_rd_addr_reg[4]/C
  -------------------------------------------------------------------    -------------------
    SLICE_X47Y21         FDCE (Prop_fdce_C_Q)         0.456     5.530 r  game_soc/cpu/mem_wb_rd_addr_reg[4]/Q
                         net (fo=129, routed)         0.864     6.394    game_soc/cpu/register_file/valid_reg[1]_3
    SLICE_X47Y21         LUT5 (Prop_lut5_I0_O)        0.124     6.518 r  game_soc/cpu/register_file/registers_a_reg_0_31_0_5_i_3/O
                         net (fo=4, routed)           0.817     7.335    game_soc/cpu/mem_wb_can_forward0
    SLICE_X47Y22         LUT6 (Prop_lut6_I2_O)        0.124     7.459 r  game_soc/cpu/ex_mem_store_data[31]_i_7/O
                         net (fo=32, routed)          0.831     8.291    game_soc/cpu/ex_rs2_value1
    SLICE_X46Y21         LUT5 (Prop_lut5_I0_O)        0.124     8.415 r  game_soc/cpu/ex_mem_store_data[26]_i_4/O
                         net (fo=12, routed)          0.838     9.253    game_soc/cpu/ex_rs2_value[2]
    SLICE_X44Y23         LUT4 (Prop_lut4_I0_O)        0.124     9.377 r  game_soc/cpu/flush_count[0]_i_123/O
                         net (fo=2, routed)           0.376     9.752    game_soc/cpu/flush_count[0]_i_123_n_0
    SLICE_X45Y25         CARRY4 (Prop_carry4_DI[1]_CO[3])
                                                      0.507    10.259 r  game_soc/cpu/flush_count_reg[0]_i_94/CO[3]
                         net (fo=1, routed)           0.000    10.259    game_soc/cpu/flush_count_reg[0]_i_94_n_0
    SLICE_X45Y26         CARRY4 (Prop_carry4_CI_CO[3])
                                                      0.114    10.373 r  game_soc/cpu/flush_count_reg[0]_i_59/CO[3]
                         net (fo=1, routed)           0.000    10.373    game_soc/cpu/flush_count_reg[0]_i_59_n_0
    SLICE_X45Y27         CARRY4 (Prop_carry4_CI_CO[3])
                                                      0.114    10.487 r  game_soc/cpu/flush_count_reg[0]_i_22/CO[3]
                         net (fo=1, routed)           0.000    10.487    game_soc/cpu/flush_count_reg[0]_i_22_n_0
    SLICE_X45Y28         CARRY4 (Prop_carry4_CI_CO[3])
                                                      0.114    10.601 r  game_soc/cpu/flush_count_reg[0]_i_11/CO[3]
                         net (fo=1, routed)           1.268    11.869    game_soc/cpu/data4
    SLICE_X48Y24         LUT6 (Prop_lut6_I1_O)        0.124    11.993 f  game_soc/cpu/flush_count[0]_i_7/O
                         net (fo=1, routed)           0.159    12.152    game_soc/cpu/flush_count[0]_i_7_n_0
    SLICE_X48Y24         LUT5 (Prop_lut5_I1_O)        0.124    12.276 f  game_soc/cpu/flush_count[0]_i_3/O
                         net (fo=6, routed)           0.329    12.605    game_soc/cpu/p_46_in
    SLICE_X49Y22         LUT6 (Prop_lut6_I4_O)        0.124    12.729 f  game_soc/cpu/flush_count[0]_i_4/O
                         net (fo=4, routed)           0.469    13.198    game_soc/cpu/flush_count[0]_i_4_n_0
    SLICE_X51Y20         LUT6 (Prop_lut6_I1_O)        0.124    13.322 f  game_soc/cpu/id_ex_valid_i_3/O
                         net (fo=3, routed)           0.577    13.899    game_soc/cpu/fetch_address1
    SLICE_X53Y23         LUT6 (Prop_lut6_I3_O)        0.124    14.023 r  game_soc/cpu/fetch_address[31]_i_1/O
                         net (fo=32, routed)          0.658    14.682    game_soc/cpu/fetch_address[0]
    SLICE_X50Y28         FDRE                                         r  game_soc/cpu/fetch_address_reg[20]/CE
  -------------------------------------------------------------------    -------------------

                         (clock sys_clk_pin rise edge)
                                                     10.000    10.000 r  
    W5                                                0.000    10.000 r  clk (IN)
                         net (fo=0)                   0.000    10.000    clk
    W5                   IBUF (Prop_ibuf_I_O)         1.388    11.388 r  clk_IBUF_inst/O
                         net (fo=1, routed)           1.862    13.250    clk_IBUF
    BUFGCTRL_X0Y0        BUFG (Prop_bufg_I_O)         0.091    13.341 r  clk_IBUF_BUFG_inst/O
                         net (fo=3487, routed)        1.440    14.781    game_soc/cpu/clk_IBUF_BUFG
    SLICE_X50Y28         FDRE                                         r  game_soc/cpu/fetch_address_reg[20]/C
                         clock pessimism              0.260    15.041    
                         clock uncertainty           -0.035    15.006    
    SLICE_X50Y28         FDRE (Setup_fdre_C_CE)      -0.169    14.837    game_soc/cpu/fetch_address_reg[20]
  -------------------------------------------------------------------
                         required time                         14.837    
                         arrival time                         -14.682    
  -------------------------------------------------------------------
                         slack                                  0.155    

Slack (MET) :             0.155ns  (required time - arrival time)
  Source:                 game_soc/cpu/mem_wb_rd_addr_reg[4]/C
                            (rising edge-triggered cell FDCE clocked by sys_clk_pin  {rise@0.000ns fall@5.000ns period=10.000ns})
  Destination:            game_soc/cpu/fetch_address_reg[23]/CE
                            (rising edge-triggered cell FDRE clocked by sys_clk_pin  {rise@0.000ns fall@5.000ns period=10.000ns})
  Path Group:             sys_clk_pin
  Path Type:              Setup (Max at Slow Process Corner)
  Requirement:            10.000ns  (sys_clk_pin rise@10.000ns - sys_clk_pin rise@0.000ns)
  Data Path Delay:        9.607ns  (logic 2.421ns (25.199%)  route 7.186ns (74.801%))
  Logic Levels:           13  (CARRY4=4 LUT4=1 LUT5=3 LUT6=5)
  Clock Path Skew:        -0.033ns (DCD - SCD + CPR)
    Destination Clock Delay (DCD):    4.781ns = ( 14.781 - 10.000 ) 
    Source Clock Delay      (SCD):    5.074ns
    Clock Pessimism Removal (CPR):    0.260ns
  Clock Uncertainty:      0.035ns  ((TSJ^2 + TIJ^2)^1/2 + DJ) / 2 + PE
    Total System Jitter     (TSJ):    0.071ns
    Total Input Jitter      (TIJ):    0.000ns
    Discrete Jitter          (DJ):    0.000ns
    Phase Error              (PE):    0.000ns

    Location             Delay type                Incr(ns)  Path(ns)    Netlist Resource(s)
  -------------------------------------------------------------------    -------------------
                         (clock sys_clk_pin rise edge)
                                                      0.000     0.000 r  
    W5                                                0.000     0.000 r  clk (IN)
                         net (fo=0)                   0.000     0.000    clk
    W5                   IBUF (Prop_ibuf_I_O)         1.458     1.458 r  clk_IBUF_inst/O
                         net (fo=1, routed)           1.967     3.425    clk_IBUF
    BUFGCTRL_X0Y0        BUFG (Prop_bufg_I_O)         0.096     3.521 r  clk_IBUF_BUFG_inst/O
                         net (fo=3487, routed)        1.553     5.074    game_soc/cpu/clk_IBUF_BUFG
    SLICE_X47Y21         FDCE                                         r  game_soc/cpu/mem_wb_rd_addr_reg[4]/C
  -------------------------------------------------------------------    -------------------
    SLICE_X47Y21         FDCE (Prop_fdce_C_Q)         0.456     5.530 r  game_soc/cpu/mem_wb_rd_addr_reg[4]/Q
                         net (fo=129, routed)         0.864     6.394    game_soc/cpu/register_file/valid_reg[1]_3
    SLICE_X47Y21         LUT5 (Prop_lut5_I0_O)        0.124     6.518 r  game_soc/cpu/register_file/registers_a_reg_0_31_0_5_i_3/O
                         net (fo=4, routed)           0.817     7.335    game_soc/cpu/mem_wb_can_forward0
    SLICE_X47Y22         LUT6 (Prop_lut6_I2_O)        0.124     7.459 r  game_soc/cpu/ex_mem_store_data[31]_i_7/O
                         net (fo=32, routed)          0.831     8.291    game_soc/cpu/ex_rs2_value1
    SLICE_X46Y21         LUT5 (Prop_lut5_I0_O)        0.124     8.415 r  game_soc/cpu/ex_mem_store_data[26]_i_4/O
                         net (fo=12, routed)          0.838     9.253    game_soc/cpu/ex_rs2_value[2]
    SLICE_X44Y23         LUT4 (Prop_lut4_I0_O)        0.124     9.377 r  game_soc/cpu/flush_count[0]_i_123/O
                         net (fo=2, routed)           0.376     9.752    game_soc/cpu/flush_count[0]_i_123_n_0
    SLICE_X45Y25         CARRY4 (Prop_carry4_DI[1]_CO[3])
                                                      0.507    10.259 r  game_soc/cpu/flush_count_reg[0]_i_94/CO[3]
                         net (fo=1, routed)           0.000    10.259    game_soc/cpu/flush_count_reg[0]_i_94_n_0
    SLICE_X45Y26         CARRY4 (Prop_carry4_CI_CO[3])
                                                      0.114    10.373 r  game_soc/cpu/flush_count_reg[0]_i_59/CO[3]
                         net (fo=1, routed)           0.000    10.373    game_soc/cpu/flush_count_reg[0]_i_59_n_0
    SLICE_X45Y27         CARRY4 (Prop_carry4_CI_CO[3])
                                                      0.114    10.487 r  game_soc/cpu/flush_count_reg[0]_i_22/CO[3]
                         net (fo=1, routed)           0.000    10.487    game_soc/cpu/flush_count_reg[0]_i_22_n_0
    SLICE_X45Y28         CARRY4 (Prop_carry4_CI_CO[3])
                                                      0.114    10.601 r  game_soc/cpu/flush_count_reg[0]_i_11/CO[3]
                         net (fo=1, routed)           1.268    11.869    game_soc/cpu/data4
    SLICE_X48Y24         LUT6 (Prop_lut6_I1_O)        0.124    11.993 f  game_soc/cpu/flush_count[0]_i_7/O
                         net (fo=1, routed)           0.159    12.152    game_soc/cpu/flush_count[0]_i_7_n_0
    SLICE_X48Y24         LUT5 (Prop_lut5_I1_O)        0.124    12.276 f  game_soc/cpu/flush_count[0]_i_3/O
                         net (fo=6, routed)           0.329    12.605    game_soc/cpu/p_46_in
    SLICE_X49Y22         LUT6 (Prop_lut6_I4_O)        0.124    12.729 f  game_soc/cpu/flush_count[0]_i_4/O
                         net (fo=4, routed)           0.469    13.198    game_soc/cpu/flush_count[0]_i_4_n_0
    SLICE_X51Y20         LUT6 (Prop_lut6_I1_O)        0.124    13.322 f  game_soc/cpu/id_ex_valid_i_3/O
                         net (fo=3, routed)           0.577    13.899    game_soc/cpu/fetch_address1
    SLICE_X53Y23         LUT6 (Prop_lut6_I3_O)        0.124    14.023 r  game_soc/cpu/fetch_address[31]_i_1/O
                         net (fo=32, routed)          0.658    14.682    game_soc/cpu/fetch_address[0]
    SLICE_X50Y28         FDRE                                         r  game_soc/cpu/fetch_address_reg[23]/CE
  -------------------------------------------------------------------    -------------------

                         (clock sys_clk_pin rise edge)
                                                     10.000    10.000 r  
    W5                                                0.000    10.000 r  clk (IN)
                         net (fo=0)                   0.000    10.000    clk
    W5                   IBUF (Prop_ibuf_I_O)         1.388    11.388 r  clk_IBUF_inst/O
                         net (fo=1, routed)           1.862    13.250    clk_IBUF
    BUFGCTRL_X0Y0        BUFG (Prop_bufg_I_O)         0.091    13.341 r  clk_IBUF_BUFG_inst/O
                         net (fo=3487, routed)        1.440    14.781    game_soc/cpu/clk_IBUF_BUFG
    SLICE_X50Y28         FDRE                                         r  game_soc/cpu/fetch_address_reg[23]/C
                         clock pessimism              0.260    15.041    
                         clock uncertainty           -0.035    15.006    
    SLICE_X50Y28         FDRE (Setup_fdre_C_CE)      -0.169    14.837    game_soc/cpu/fetch_address_reg[23]
  -------------------------------------------------------------------
                         required time                         14.837    
                         arrival time                         -14.682    
  -------------------------------------------------------------------
                         slack                                  0.155    

Slack (MET) :             0.155ns  (required time - arrival time)
  Source:                 game_soc/cpu/mem_wb_rd_addr_reg[4]/C
                            (rising edge-triggered cell FDCE clocked by sys_clk_pin  {rise@0.000ns fall@5.000ns period=10.000ns})
  Destination:            game_soc/cpu/fetch_address_reg[30]/CE
                            (rising edge-triggered cell FDRE clocked by sys_clk_pin  {rise@0.000ns fall@5.000ns period=10.000ns})
  Path Group:             sys_clk_pin
  Path Type:              Setup (Max at Slow Process Corner)
  Requirement:            10.000ns  (sys_clk_pin rise@10.000ns - sys_clk_pin rise@0.000ns)
  Data Path Delay:        9.607ns  (logic 2.421ns (25.199%)  route 7.186ns (74.801%))
  Logic Levels:           13  (CARRY4=4 LUT4=1 LUT5=3 LUT6=5)
  Clock Path Skew:        -0.033ns (DCD - SCD + CPR)
    Destination Clock Delay (DCD):    4.781ns = ( 14.781 - 10.000 ) 
    Source Clock Delay      (SCD):    5.074ns
    Clock Pessimism Removal (CPR):    0.260ns
  Clock Uncertainty:      0.035ns  ((TSJ^2 + TIJ^2)^1/2 + DJ) / 2 + PE
    Total System Jitter     (TSJ):    0.071ns
    Total Input Jitter      (TIJ):    0.000ns
    Discrete Jitter          (DJ):    0.000ns
    Phase Error              (PE):    0.000ns

    Location             Delay type                Incr(ns)  Path(ns)    Netlist Resource(s)
  -------------------------------------------------------------------    -------------------
                         (clock sys_clk_pin rise edge)
                                                      0.000     0.000 r  
    W5                                                0.000     0.000 r  clk (IN)
                         net (fo=0)                   0.000     0.000    clk
    W5                   IBUF (Prop_ibuf_I_O)         1.458     1.458 r  clk_IBUF_inst/O
                         net (fo=1, routed)           1.967     3.425    clk_IBUF
    BUFGCTRL_X0Y0        BUFG (Prop_bufg_I_O)         0.096     3.521 r  clk_IBUF_BUFG_inst/O
                         net (fo=3487, routed)        1.553     5.074    game_soc/cpu/clk_IBUF_BUFG
    SLICE_X47Y21         FDCE                                         r  game_soc/cpu/mem_wb_rd_addr_reg[4]/C
  -------------------------------------------------------------------    -------------------
    SLICE_X47Y21         FDCE (Prop_fdce_C_Q)         0.456     5.530 r  game_soc/cpu/mem_wb_rd_addr_reg[4]/Q
                         net (fo=129, routed)         0.864     6.394    game_soc/cpu/register_file/valid_reg[1]_3
    SLICE_X47Y21         LUT5 (Prop_lut5_I0_O)        0.124     6.518 r  game_soc/cpu/register_file/registers_a_reg_0_31_0_5_i_3/O
                         net (fo=4, routed)           0.817     7.335    game_soc/cpu/mem_wb_can_forward0
    SLICE_X47Y22         LUT6 (Prop_lut6_I2_O)        0.124     7.459 r  game_soc/cpu/ex_mem_store_data[31]_i_7/O
                         net (fo=32, routed)          0.831     8.291    game_soc/cpu/ex_rs2_value1
    SLICE_X46Y21         LUT5 (Prop_lut5_I0_O)        0.124     8.415 r  game_soc/cpu/ex_mem_store_data[26]_i_4/O
                         net (fo=12, routed)          0.838     9.253    game_soc/cpu/ex_rs2_value[2]
    SLICE_X44Y23         LUT4 (Prop_lut4_I0_O)        0.124     9.377 r  game_soc/cpu/flush_count[0]_i_123/O
                         net (fo=2, routed)           0.376     9.752    game_soc/cpu/flush_count[0]_i_123_n_0
    SLICE_X45Y25         CARRY4 (Prop_carry4_DI[1]_CO[3])
                                                      0.507    10.259 r  game_soc/cpu/flush_count_reg[0]_i_94/CO[3]
                         net (fo=1, routed)           0.000    10.259    game_soc/cpu/flush_count_reg[0]_i_94_n_0
    SLICE_X45Y26         CARRY4 (Prop_carry4_CI_CO[3])
                                                      0.114    10.373 r  game_soc/cpu/flush_count_reg[0]_i_59/CO[3]
                         net (fo=1, routed)           0.000    10.373    game_soc/cpu/flush_count_reg[0]_i_59_n_0
    SLICE_X45Y27         CARRY4 (Prop_carry4_CI_CO[3])
                                                      0.114    10.487 r  game_soc/cpu/flush_count_reg[0]_i_22/CO[3]
                         net (fo=1, routed)           0.000    10.487    game_soc/cpu/flush_count_reg[0]_i_22_n_0
    SLICE_X45Y28         CARRY4 (Prop_carry4_CI_CO[3])
                                                      0.114    10.601 r  game_soc/cpu/flush_count_reg[0]_i_11/CO[3]
                         net (fo=1, routed)           1.268    11.869    game_soc/cpu/data4
    SLICE_X48Y24         LUT6 (Prop_lut6_I1_O)        0.124    11.993 f  game_soc/cpu/flush_count[0]_i_7/O
                         net (fo=1, routed)           0.159    12.152    game_soc/cpu/flush_count[0]_i_7_n_0
    SLICE_X48Y24         LUT5 (Prop_lut5_I1_O)        0.124    12.276 f  game_soc/cpu/flush_count[0]_i_3/O
                         net (fo=6, routed)           0.329    12.605    game_soc/cpu/p_46_in
    SLICE_X49Y22         LUT6 (Prop_lut6_I4_O)        0.124    12.729 f  game_soc/cpu/flush_count[0]_i_4/O
                         net (fo=4, routed)           0.469    13.198    game_soc/cpu/flush_count[0]_i_4_n_0
    SLICE_X51Y20         LUT6 (Prop_lut6_I1_O)        0.124    13.322 f  game_soc/cpu/id_ex_valid_i_3/O
                         net (fo=3, routed)           0.577    13.899    game_soc/cpu/fetch_address1
    SLICE_X53Y23         LUT6 (Prop_lut6_I3_O)        0.124    14.023 r  game_soc/cpu/fetch_address[31]_i_1/O
                         net (fo=32, routed)          0.658    14.682    game_soc/cpu/fetch_address[0]
    SLICE_X50Y28         FDRE                                         r  game_soc/cpu/fetch_address_reg[30]/CE
  -------------------------------------------------------------------    -------------------

                         (clock sys_clk_pin rise edge)
                                                     10.000    10.000 r  
    W5                                                0.000    10.000 r  clk (IN)
                         net (fo=0)                   0.000    10.000    clk
    W5                   IBUF (Prop_ibuf_I_O)         1.388    11.388 r  clk_IBUF_inst/O
                         net (fo=1, routed)           1.862    13.250    clk_IBUF
    BUFGCTRL_X0Y0        BUFG (Prop_bufg_I_O)         0.091    13.341 r  clk_IBUF_BUFG_inst/O
                         net (fo=3487, routed)        1.440    14.781    game_soc/cpu/clk_IBUF_BUFG
    SLICE_X50Y28         FDRE                                         r  game_soc/cpu/fetch_address_reg[30]/C
                         clock pessimism              0.260    15.041    
                         clock uncertainty           -0.035    15.006    
    SLICE_X50Y28         FDRE (Setup_fdre_C_CE)      -0.169    14.837    game_soc/cpu/fetch_address_reg[30]
  -------------------------------------------------------------------
                         required time                         14.837    
                         arrival time                         -14.682    
  -------------------------------------------------------------------
                         slack                                  0.155    

Slack (MET) :             0.155ns  (required time - arrival time)
  Source:                 game_soc/cpu/mem_wb_rd_addr_reg[4]/C
                            (rising edge-triggered cell FDCE clocked by sys_clk_pin  {rise@0.000ns fall@5.000ns period=10.000ns})
  Destination:            game_soc/cpu/fetch_address_reg[31]/CE
                            (rising edge-triggered cell FDRE clocked by sys_clk_pin  {rise@0.000ns fall@5.000ns period=10.000ns})
  Path Group:             sys_clk_pin
  Path Type:              Setup (Max at Slow Process Corner)
  Requirement:            10.000ns  (sys_clk_pin rise@10.000ns - sys_clk_pin rise@0.000ns)
  Data Path Delay:        9.607ns  (logic 2.421ns (25.199%)  route 7.186ns (74.801%))
  Logic Levels:           13  (CARRY4=4 LUT4=1 LUT5=3 LUT6=5)
  Clock Path Skew:        -0.033ns (DCD - SCD + CPR)
    Destination Clock Delay (DCD):    4.781ns = ( 14.781 - 10.000 ) 
    Source Clock Delay      (SCD):    5.074ns
    Clock Pessimism Removal (CPR):    0.260ns
  Clock Uncertainty:      0.035ns  ((TSJ^2 + TIJ^2)^1/2 + DJ) / 2 + PE
    Total System Jitter     (TSJ):    0.071ns
    Total Input Jitter      (TIJ):    0.000ns
    Discrete Jitter          (DJ):    0.000ns
    Phase Error              (PE):    0.000ns

    Location             Delay type                Incr(ns)  Path(ns)    Netlist Resource(s)
  -------------------------------------------------------------------    -------------------
                         (clock sys_clk_pin rise edge)
                                                      0.000     0.000 r  
    W5                                                0.000     0.000 r  clk (IN)
                         net (fo=0)                   0.000     0.000    clk
    W5                   IBUF (Prop_ibuf_I_O)         1.458     1.458 r  clk_IBUF_inst/O
                         net (fo=1, routed)           1.967     3.425    clk_IBUF
    BUFGCTRL_X0Y0        BUFG (Prop_bufg_I_O)         0.096     3.521 r  clk_IBUF_BUFG_inst/O
                         net (fo=3487, routed)        1.553     5.074    game_soc/cpu/clk_IBUF_BUFG
    SLICE_X47Y21         FDCE                                         r  game_soc/cpu/mem_wb_rd_addr_reg[4]/C
  -------------------------------------------------------------------    -------------------
    SLICE_X47Y21         FDCE (Prop_fdce_C_Q)         0.456     5.530 r  game_soc/cpu/mem_wb_rd_addr_reg[4]/Q
                         net (fo=129, routed)         0.864     6.394    game_soc/cpu/register_file/valid_reg[1]_3
    SLICE_X47Y21         LUT5 (Prop_lut5_I0_O)        0.124     6.518 r  game_soc/cpu/register_file/registers_a_reg_0_31_0_5_i_3/O
                         net (fo=4, routed)           0.817     7.335    game_soc/cpu/mem_wb_can_forward0
    SLICE_X47Y22         LUT6 (Prop_lut6_I2_O)        0.124     7.459 r  game_soc/cpu/ex_mem_store_data[31]_i_7/O
                         net (fo=32, routed)          0.831     8.291    game_soc/cpu/ex_rs2_value1
    SLICE_X46Y21         LUT5 (Prop_lut5_I0_O)        0.124     8.415 r  game_soc/cpu/ex_mem_store_data[26]_i_4/O
                         net (fo=12, routed)          0.838     9.253    game_soc/cpu/ex_rs2_value[2]
    SLICE_X44Y23         LUT4 (Prop_lut4_I0_O)        0.124     9.377 r  game_soc/cpu/flush_count[0]_i_123/O
                         net (fo=2, routed)           0.376     9.752    game_soc/cpu/flush_count[0]_i_123_n_0
    SLICE_X45Y25         CARRY4 (Prop_carry4_DI[1]_CO[3])
                                                      0.507    10.259 r  game_soc/cpu/flush_count_reg[0]_i_94/CO[3]
                         net (fo=1, routed)           0.000    10.259    game_soc/cpu/flush_count_reg[0]_i_94_n_0
    SLICE_X45Y26         CARRY4 (Prop_carry4_CI_CO[3])
                                                      0.114    10.373 r  game_soc/cpu/flush_count_reg[0]_i_59/CO[3]
                         net (fo=1, routed)           0.000    10.373    game_soc/cpu/flush_count_reg[0]_i_59_n_0
    SLICE_X45Y27         CARRY4 (Prop_carry4_CI_CO[3])
                                                      0.114    10.487 r  game_soc/cpu/flush_count_reg[0]_i_22/CO[3]
                         net (fo=1, routed)           0.000    10.487    game_soc/cpu/flush_count_reg[0]_i_22_n_0
    SLICE_X45Y28         CARRY4 (Prop_carry4_CI_CO[3])
                                                      0.114    10.601 r  game_soc/cpu/flush_count_reg[0]_i_11/CO[3]
                         net (fo=1, routed)           1.268    11.869    game_soc/cpu/data4
    SLICE_X48Y24         LUT6 (Prop_lut6_I1_O)        0.124    11.993 f  game_soc/cpu/flush_count[0]_i_7/O
                         net (fo=1, routed)           0.159    12.152    game_soc/cpu/flush_count[0]_i_7_n_0
    SLICE_X48Y24         LUT5 (Prop_lut5_I1_O)        0.124    12.276 f  game_soc/cpu/flush_count[0]_i_3/O
                         net (fo=6, routed)           0.329    12.605    game_soc/cpu/p_46_in
    SLICE_X49Y22         LUT6 (Prop_lut6_I4_O)        0.124    12.729 f  game_soc/cpu/flush_count[0]_i_4/O
                         net (fo=4, routed)           0.469    13.198    game_soc/cpu/flush_count[0]_i_4_n_0
    SLICE_X51Y20         LUT6 (Prop_lut6_I1_O)        0.124    13.322 f  game_soc/cpu/id_ex_valid_i_3/O
                         net (fo=3, routed)           0.577    13.899    game_soc/cpu/fetch_address1
    SLICE_X53Y23         LUT6 (Prop_lut6_I3_O)        0.124    14.023 r  game_soc/cpu/fetch_address[31]_i_1/O
                         net (fo=32, routed)          0.658    14.682    game_soc/cpu/fetch_address[0]
    SLICE_X50Y28         FDRE                                         r  game_soc/cpu/fetch_address_reg[31]/CE
  -------------------------------------------------------------------    -------------------

                         (clock sys_clk_pin rise edge)
                                                     10.000    10.000 r  
    W5                                                0.000    10.000 r  clk (IN)
                         net (fo=0)                   0.000    10.000    clk
    W5                   IBUF (Prop_ibuf_I_O)         1.388    11.388 r  clk_IBUF_inst/O
                         net (fo=1, routed)           1.862    13.250    clk_IBUF
    BUFGCTRL_X0Y0        BUFG (Prop_bufg_I_O)         0.091    13.341 r  clk_IBUF_BUFG_inst/O
                         net (fo=3487, routed)        1.440    14.781    game_soc/cpu/clk_IBUF_BUFG
    SLICE_X50Y28         FDRE                                         r  game_soc/cpu/fetch_address_reg[31]/C
                         clock pessimism              0.260    15.041    
                         clock uncertainty           -0.035    15.006    
    SLICE_X50Y28         FDRE (Setup_fdre_C_CE)      -0.169    14.837    game_soc/cpu/fetch_address_reg[31]
  -------------------------------------------------------------------
                         required time                         14.837    
                         arrival time                         -14.682    
  -------------------------------------------------------------------
                         slack                                  0.155    

Slack (MET) :             0.161ns  (required time - arrival time)
  Source:                 game_soc/cpu/mem_wb_rd_addr_reg[4]/C
                            (rising edge-triggered cell FDCE clocked by sys_clk_pin  {rise@0.000ns fall@5.000ns period=10.000ns})
  Destination:            game_soc/cpu/fetch_address_reg[24]/CE
                            (rising edge-triggered cell FDRE clocked by sys_clk_pin  {rise@0.000ns fall@5.000ns period=10.000ns})
  Path Group:             sys_clk_pin
  Path Type:              Setup (Max at Slow Process Corner)
  Requirement:            10.000ns  (sys_clk_pin rise@10.000ns - sys_clk_pin rise@0.000ns)
  Data Path Delay:        9.602ns  (logic 2.421ns (25.213%)  route 7.181ns (74.787%))
  Logic Levels:           13  (CARRY4=4 LUT4=1 LUT5=3 LUT6=5)
  Clock Path Skew:        -0.032ns (DCD - SCD + CPR)
    Destination Clock Delay (DCD):    4.782ns = ( 14.782 - 10.000 ) 
    Source Clock Delay      (SCD):    5.074ns
    Clock Pessimism Removal (CPR):    0.260ns
  Clock Uncertainty:      0.035ns  ((TSJ^2 + TIJ^2)^1/2 + DJ) / 2 + PE
    Total System Jitter     (TSJ):    0.071ns
    Total Input Jitter      (TIJ):    0.000ns
    Discrete Jitter          (DJ):    0.000ns
    Phase Error              (PE):    0.000ns

    Location             Delay type                Incr(ns)  Path(ns)    Netlist Resource(s)
  -------------------------------------------------------------------    -------------------
                         (clock sys_clk_pin rise edge)
                                                      0.000     0.000 r  
    W5                                                0.000     0.000 r  clk (IN)
                         net (fo=0)                   0.000     0.000    clk
    W5                   IBUF (Prop_ibuf_I_O)         1.458     1.458 r  clk_IBUF_inst/O
                         net (fo=1, routed)           1.967     3.425    clk_IBUF
    BUFGCTRL_X0Y0        BUFG (Prop_bufg_I_O)         0.096     3.521 r  clk_IBUF_BUFG_inst/O
                         net (fo=3487, routed)        1.553     5.074    game_soc/cpu/clk_IBUF_BUFG
    SLICE_X47Y21         FDCE                                         r  game_soc/cpu/mem_wb_rd_addr_reg[4]/C
  -------------------------------------------------------------------    -------------------
    SLICE_X47Y21         FDCE (Prop_fdce_C_Q)         0.456     5.530 r  game_soc/cpu/mem_wb_rd_addr_reg[4]/Q
                         net (fo=129, routed)         0.864     6.394    game_soc/cpu/register_file/valid_reg[1]_3
    SLICE_X47Y21         LUT5 (Prop_lut5_I0_O)        0.124     6.518 r  game_soc/cpu/register_file/registers_a_reg_0_31_0_5_i_3/O
                         net (fo=4, routed)           0.817     7.335    game_soc/cpu/mem_wb_can_forward0
    SLICE_X47Y22         LUT6 (Prop_lut6_I2_O)        0.124     7.459 r  game_soc/cpu/ex_mem_store_data[31]_i_7/O
                         net (fo=32, routed)          0.831     8.291    game_soc/cpu/ex_rs2_value1
    SLICE_X46Y21         LUT5 (Prop_lut5_I0_O)        0.124     8.415 r  game_soc/cpu/ex_mem_store_data[26]_i_4/O
                         net (fo=12, routed)          0.838     9.253    game_soc/cpu/ex_rs2_value[2]
    SLICE_X44Y23         LUT4 (Prop_lut4_I0_O)        0.124     9.377 r  game_soc/cpu/flush_count[0]_i_123/O
                         net (fo=2, routed)           0.376     9.752    game_soc/cpu/flush_count[0]_i_123_n_0
    SLICE_X45Y25         CARRY4 (Prop_carry4_DI[1]_CO[3])
                                                      0.507    10.259 r  game_soc/cpu/flush_count_reg[0]_i_94/CO[3]
                         net (fo=1, routed)           0.000    10.259    game_soc/cpu/flush_count_reg[0]_i_94_n_0
    SLICE_X45Y26         CARRY4 (Prop_carry4_CI_CO[3])
                                                      0.114    10.373 r  game_soc/cpu/flush_count_reg[0]_i_59/CO[3]
                         net (fo=1, routed)           0.000    10.373    game_soc/cpu/flush_count_reg[0]_i_59_n_0
    SLICE_X45Y27         CARRY4 (Prop_carry4_CI_CO[3])
                                                      0.114    10.487 r  game_soc/cpu/flush_count_reg[0]_i_22/CO[3]
                         net (fo=1, routed)           0.000    10.487    game_soc/cpu/flush_count_reg[0]_i_22_n_0
    SLICE_X45Y28         CARRY4 (Prop_carry4_CI_CO[3])
                                                      0.114    10.601 r  game_soc/cpu/flush_count_reg[0]_i_11/CO[3]
                         net (fo=1, routed)           1.268    11.869    game_soc/cpu/data4
    SLICE_X48Y24         LUT6 (Prop_lut6_I1_O)        0.124    11.993 f  game_soc/cpu/flush_count[0]_i_7/O
                         net (fo=1, routed)           0.159    12.152    game_soc/cpu/flush_count[0]_i_7_n_0
    SLICE_X48Y24         LUT5 (Prop_lut5_I1_O)        0.124    12.276 f  game_soc/cpu/flush_count[0]_i_3/O
                         net (fo=6, routed)           0.329    12.605    game_soc/cpu/p_46_in
    SLICE_X49Y22         LUT6 (Prop_lut6_I4_O)        0.124    12.729 f  game_soc/cpu/flush_count[0]_i_4/O
                         net (fo=4, routed)           0.469    13.198    game_soc/cpu/flush_count[0]_i_4_n_0
    SLICE_X51Y20         LUT6 (Prop_lut6_I1_O)        0.124    13.322 f  game_soc/cpu/id_ex_valid_i_3/O
                         net (fo=3, routed)           0.577    13.899    game_soc/cpu/fetch_address1
    SLICE_X53Y23         LUT6 (Prop_lut6_I3_O)        0.124    14.023 r  game_soc/cpu/fetch_address[31]_i_1/O
                         net (fo=32, routed)          0.653    14.676    game_soc/cpu/fetch_address[0]
    SLICE_X54Y29         FDRE                                         r  game_soc/cpu/fetch_address_reg[24]/CE
  -------------------------------------------------------------------    -------------------

                         (clock sys_clk_pin rise edge)
                                                     10.000    10.000 r  
    W5                                                0.000    10.000 r  clk (IN)
                         net (fo=0)                   0.000    10.000    clk
    W5                   IBUF (Prop_ibuf_I_O)         1.388    11.388 r  clk_IBUF_inst/O
                         net (fo=1, routed)           1.862    13.250    clk_IBUF
    BUFGCTRL_X0Y0        BUFG (Prop_bufg_I_O)         0.091    13.341 r  clk_IBUF_BUFG_inst/O
                         net (fo=3487, routed)        1.441    14.782    game_soc/cpu/clk_IBUF_BUFG
    SLICE_X54Y29         FDRE                                         r  game_soc/cpu/fetch_address_reg[24]/C
                         clock pessimism              0.260    15.042    
                         clock uncertainty           -0.035    15.007    
    SLICE_X54Y29         FDRE (Setup_fdre_C_CE)      -0.169    14.838    game_soc/cpu/fetch_address_reg[24]
  -------------------------------------------------------------------
                         required time                         14.838    
                         arrival time                         -14.676    
  -------------------------------------------------------------------
                         slack                                  0.161    

Slack (MET) :             0.161ns  (required time - arrival time)
  Source:                 game_soc/cpu/mem_wb_rd_addr_reg[4]/C
                            (rising edge-triggered cell FDCE clocked by sys_clk_pin  {rise@0.000ns fall@5.000ns period=10.000ns})
  Destination:            game_soc/cpu/fetch_address_reg[26]/CE
                            (rising edge-triggered cell FDRE clocked by sys_clk_pin  {rise@0.000ns fall@5.000ns period=10.000ns})
  Path Group:             sys_clk_pin
  Path Type:              Setup (Max at Slow Process Corner)
  Requirement:            10.000ns  (sys_clk_pin rise@10.000ns - sys_clk_pin rise@0.000ns)
  Data Path Delay:        9.602ns  (logic 2.421ns (25.213%)  route 7.181ns (74.787%))
  Logic Levels:           13  (CARRY4=4 LUT4=1 LUT5=3 LUT6=5)
  Clock Path Skew:        -0.032ns (DCD - SCD + CPR)
    Destination Clock Delay (DCD):    4.782ns = ( 14.782 - 10.000 ) 
    Source Clock Delay      (SCD):    5.074ns
    Clock Pessimism Removal (CPR):    0.260ns
  Clock Uncertainty:      0.035ns  ((TSJ^2 + TIJ^2)^1/2 + DJ) / 2 + PE
    Total System Jitter     (TSJ):    0.071ns
    Total Input Jitter      (TIJ):    0.000ns
    Discrete Jitter          (DJ):    0.000ns
    Phase Error              (PE):    0.000ns

    Location             Delay type                Incr(ns)  Path(ns)    Netlist Resource(s)
  -------------------------------------------------------------------    -------------------
                         (clock sys_clk_pin rise edge)
                                                      0.000     0.000 r  
    W5                                                0.000     0.000 r  clk (IN)
                         net (fo=0)                   0.000     0.000    clk
    W5                   IBUF (Prop_ibuf_I_O)         1.458     1.458 r  clk_IBUF_inst/O
                         net (fo=1, routed)           1.967     3.425    clk_IBUF
    BUFGCTRL_X0Y0        BUFG (Prop_bufg_I_O)         0.096     3.521 r  clk_IBUF_BUFG_inst/O
                         net (fo=3487, routed)        1.553     5.074    game_soc/cpu/clk_IBUF_BUFG
    SLICE_X47Y21         FDCE                                         r  game_soc/cpu/mem_wb_rd_addr_reg[4]/C
  -------------------------------------------------------------------    -------------------
    SLICE_X47Y21         FDCE (Prop_fdce_C_Q)         0.456     5.530 r  game_soc/cpu/mem_wb_rd_addr_reg[4]/Q
                         net (fo=129, routed)         0.864     6.394    game_soc/cpu/register_file/valid_reg[1]_3
    SLICE_X47Y21         LUT5 (Prop_lut5_I0_O)        0.124     6.518 r  game_soc/cpu/register_file/registers_a_reg_0_31_0_5_i_3/O
                         net (fo=4, routed)           0.817     7.335    game_soc/cpu/mem_wb_can_forward0
    SLICE_X47Y22         LUT6 (Prop_lut6_I2_O)        0.124     7.459 r  game_soc/cpu/ex_mem_store_data[31]_i_7/O
                         net (fo=32, routed)          0.831     8.291    game_soc/cpu/ex_rs2_value1
    SLICE_X46Y21         LUT5 (Prop_lut5_I0_O)        0.124     8.415 r  game_soc/cpu/ex_mem_store_data[26]_i_4/O
                         net (fo=12, routed)          0.838     9.253    game_soc/cpu/ex_rs2_value[2]
    SLICE_X44Y23         LUT4 (Prop_lut4_I0_O)        0.124     9.377 r  game_soc/cpu/flush_count[0]_i_123/O
                         net (fo=2, routed)           0.376     9.752    game_soc/cpu/flush_count[0]_i_123_n_0
    SLICE_X45Y25         CARRY4 (Prop_carry4_DI[1]_CO[3])
                                                      0.507    10.259 r  game_soc/cpu/flush_count_reg[0]_i_94/CO[3]
                         net (fo=1, routed)           0.000    10.259    game_soc/cpu/flush_count_reg[0]_i_94_n_0
    SLICE_X45Y26         CARRY4 (Prop_carry4_CI_CO[3])
                                                      0.114    10.373 r  game_soc/cpu/flush_count_reg[0]_i_59/CO[3]
                         net (fo=1, routed)           0.000    10.373    game_soc/cpu/flush_count_reg[0]_i_59_n_0
    SLICE_X45Y27         CARRY4 (Prop_carry4_CI_CO[3])
                                                      0.114    10.487 r  game_soc/cpu/flush_count_reg[0]_i_22/CO[3]
                         net (fo=1, routed)           0.000    10.487    game_soc/cpu/flush_count_reg[0]_i_22_n_0
    SLICE_X45Y28         CARRY4 (Prop_carry4_CI_CO[3])
                                                      0.114    10.601 r  game_soc/cpu/flush_count_reg[0]_i_11/CO[3]
                         net (fo=1, routed)           1.268    11.869    game_soc/cpu/data4
    SLICE_X48Y24         LUT6 (Prop_lut6_I1_O)        0.124    11.993 f  game_soc/cpu/flush_count[0]_i_7/O
                         net (fo=1, routed)           0.159    12.152    game_soc/cpu/flush_count[0]_i_7_n_0
    SLICE_X48Y24         LUT5 (Prop_lut5_I1_O)        0.124    12.276 f  game_soc/cpu/flush_count[0]_i_3/O
                         net (fo=6, routed)           0.329    12.605    game_soc/cpu/p_46_in
    SLICE_X49Y22         LUT6 (Prop_lut6_I4_O)        0.124    12.729 f  game_soc/cpu/flush_count[0]_i_4/O
                         net (fo=4, routed)           0.469    13.198    game_soc/cpu/flush_count[0]_i_4_n_0
    SLICE_X51Y20         LUT6 (Prop_lut6_I1_O)        0.124    13.322 f  game_soc/cpu/id_ex_valid_i_3/O
                         net (fo=3, routed)           0.577    13.899    game_soc/cpu/fetch_address1
    SLICE_X53Y23         LUT6 (Prop_lut6_I3_O)        0.124    14.023 r  game_soc/cpu/fetch_address[31]_i_1/O
                         net (fo=32, routed)          0.653    14.676    game_soc/cpu/fetch_address[0]
    SLICE_X54Y29         FDRE                                         r  game_soc/cpu/fetch_address_reg[26]/CE
  -------------------------------------------------------------------    -------------------

                         (clock sys_clk_pin rise edge)
                                                     10.000    10.000 r  
    W5                                                0.000    10.000 r  clk (IN)
                         net (fo=0)                   0.000    10.000    clk
    W5                   IBUF (Prop_ibuf_I_O)         1.388    11.388 r  clk_IBUF_inst/O
                         net (fo=1, routed)           1.862    13.250    clk_IBUF
    BUFGCTRL_X0Y0        BUFG (Prop_bufg_I_O)         0.091    13.341 r  clk_IBUF_BUFG_inst/O
                         net (fo=3487, routed)        1.441    14.782    game_soc/cpu/clk_IBUF_BUFG
    SLICE_X54Y29         FDRE                                         r  game_soc/cpu/fetch_address_reg[26]/C
                         clock pessimism              0.260    15.042    
                         clock uncertainty           -0.035    15.007    
    SLICE_X54Y29         FDRE (Setup_fdre_C_CE)      -0.169    14.838    game_soc/cpu/fetch_address_reg[26]
  -------------------------------------------------------------------
                         required time                         14.838    
                         arrival time                         -14.676    
  -------------------------------------------------------------------
                         slack                                  0.161    

Slack (MET) :             0.161ns  (required time - arrival time)
  Source:                 game_soc/cpu/mem_wb_rd_addr_reg[4]/C
                            (rising edge-triggered cell FDCE clocked by sys_clk_pin  {rise@0.000ns fall@5.000ns period=10.000ns})
  Destination:            game_soc/cpu/fetch_address_reg[27]/CE
                            (rising edge-triggered cell FDRE clocked by sys_clk_pin  {rise@0.000ns fall@5.000ns period=10.000ns})
  Path Group:             sys_clk_pin
  Path Type:              Setup (Max at Slow Process Corner)
  Requirement:            10.000ns  (sys_clk_pin rise@10.000ns - sys_clk_pin rise@0.000ns)
  Data Path Delay:        9.602ns  (logic 2.421ns (25.213%)  route 7.181ns (74.787%))
  Logic Levels:           13  (CARRY4=4 LUT4=1 LUT5=3 LUT6=5)
  Clock Path Skew:        -0.032ns (DCD - SCD + CPR)
    Destination Clock Delay (DCD):    4.782ns = ( 14.782 - 10.000 ) 
    Source Clock Delay      (SCD):    5.074ns
    Clock Pessimism Removal (CPR):    0.260ns
  Clock Uncertainty:      0.035ns  ((TSJ^2 + TIJ^2)^1/2 + DJ) / 2 + PE
    Total System Jitter     (TSJ):    0.071ns
    Total Input Jitter      (TIJ):    0.000ns
    Discrete Jitter          (DJ):    0.000ns
    Phase Error              (PE):    0.000ns

    Location             Delay type                Incr(ns)  Path(ns)    Netlist Resource(s)
  -------------------------------------------------------------------    -------------------
                         (clock sys_clk_pin rise edge)
                                                      0.000     0.000 r  
    W5                                                0.000     0.000 r  clk (IN)
                         net (fo=0)                   0.000     0.000    clk
    W5                   IBUF (Prop_ibuf_I_O)         1.458     1.458 r  clk_IBUF_inst/O
                         net (fo=1, routed)           1.967     3.425    clk_IBUF
    BUFGCTRL_X0Y0        BUFG (Prop_bufg_I_O)         0.096     3.521 r  clk_IBUF_BUFG_inst/O
                         net (fo=3487, routed)        1.553     5.074    game_soc/cpu/clk_IBUF_BUFG
    SLICE_X47Y21         FDCE                                         r  game_soc/cpu/mem_wb_rd_addr_reg[4]/C
  -------------------------------------------------------------------    -------------------
    SLICE_X47Y21         FDCE (Prop_fdce_C_Q)         0.456     5.530 r  game_soc/cpu/mem_wb_rd_addr_reg[4]/Q
                         net (fo=129, routed)         0.864     6.394    game_soc/cpu/register_file/valid_reg[1]_3
    SLICE_X47Y21         LUT5 (Prop_lut5_I0_O)        0.124     6.518 r  game_soc/cpu/register_file/registers_a_reg_0_31_0_5_i_3/O
                         net (fo=4, routed)           0.817     7.335    game_soc/cpu/mem_wb_can_forward0
    SLICE_X47Y22         LUT6 (Prop_lut6_I2_O)        0.124     7.459 r  game_soc/cpu/ex_mem_store_data[31]_i_7/O
                         net (fo=32, routed)          0.831     8.291    game_soc/cpu/ex_rs2_value1
    SLICE_X46Y21         LUT5 (Prop_lut5_I0_O)        0.124     8.415 r  game_soc/cpu/ex_mem_store_data[26]_i_4/O
                         net (fo=12, routed)          0.838     9.253    game_soc/cpu/ex_rs2_value[2]
    SLICE_X44Y23         LUT4 (Prop_lut4_I0_O)        0.124     9.377 r  game_soc/cpu/flush_count[0]_i_123/O
                         net (fo=2, routed)           0.376     9.752    game_soc/cpu/flush_count[0]_i_123_n_0
    SLICE_X45Y25         CARRY4 (Prop_carry4_DI[1]_CO[3])
                                                      0.507    10.259 r  game_soc/cpu/flush_count_reg[0]_i_94/CO[3]
                         net (fo=1, routed)           0.000    10.259    game_soc/cpu/flush_count_reg[0]_i_94_n_0
    SLICE_X45Y26         CARRY4 (Prop_carry4_CI_CO[3])
                                                      0.114    10.373 r  game_soc/cpu/flush_count_reg[0]_i_59/CO[3]
                         net (fo=1, routed)           0.000    10.373    game_soc/cpu/flush_count_reg[0]_i_59_n_0
    SLICE_X45Y27         CARRY4 (Prop_carry4_CI_CO[3])
                                                      0.114    10.487 r  game_soc/cpu/flush_count_reg[0]_i_22/CO[3]
                         net (fo=1, routed)           0.000    10.487    game_soc/cpu/flush_count_reg[0]_i_22_n_0
    SLICE_X45Y28         CARRY4 (Prop_carry4_CI_CO[3])
                                                      0.114    10.601 r  game_soc/cpu/flush_count_reg[0]_i_11/CO[3]
                         net (fo=1, routed)           1.268    11.869    game_soc/cpu/data4
    SLICE_X48Y24         LUT6 (Prop_lut6_I1_O)        0.124    11.993 f  game_soc/cpu/flush_count[0]_i_7/O
                         net (fo=1, routed)           0.159    12.152    game_soc/cpu/flush_count[0]_i_7_n_0
    SLICE_X48Y24         LUT5 (Prop_lut5_I1_O)        0.124    12.276 f  game_soc/cpu/flush_count[0]_i_3/O
                         net (fo=6, routed)           0.329    12.605    game_soc/cpu/p_46_in
    SLICE_X49Y22         LUT6 (Prop_lut6_I4_O)        0.124    12.729 f  game_soc/cpu/flush_count[0]_i_4/O
                         net (fo=4, routed)           0.469    13.198    game_soc/cpu/flush_count[0]_i_4_n_0
    SLICE_X51Y20         LUT6 (Prop_lut6_I1_O)        0.124    13.322 f  game_soc/cpu/id_ex_valid_i_3/O
                         net (fo=3, routed)           0.577    13.899    game_soc/cpu/fetch_address1
    SLICE_X53Y23         LUT6 (Prop_lut6_I3_O)        0.124    14.023 r  game_soc/cpu/fetch_address[31]_i_1/O
                         net (fo=32, routed)          0.653    14.676    game_soc/cpu/fetch_address[0]
    SLICE_X54Y29         FDRE                                         r  game_soc/cpu/fetch_address_reg[27]/CE
  -------------------------------------------------------------------    -------------------

                         (clock sys_clk_pin rise edge)
                                                     10.000    10.000 r  
    W5                                                0.000    10.000 r  clk (IN)
                         net (fo=0)                   0.000    10.000    clk
    W5                   IBUF (Prop_ibuf_I_O)         1.388    11.388 r  clk_IBUF_inst/O
                         net (fo=1, routed)           1.862    13.250    clk_IBUF
    BUFGCTRL_X0Y0        BUFG (Prop_bufg_I_O)         0.091    13.341 r  clk_IBUF_BUFG_inst/O
                         net (fo=3487, routed)        1.441    14.782    game_soc/cpu/clk_IBUF_BUFG
    SLICE_X54Y29         FDRE                                         r  game_soc/cpu/fetch_address_reg[27]/C
                         clock pessimism              0.260    15.042    
                         clock uncertainty           -0.035    15.007    
    SLICE_X54Y29         FDRE (Setup_fdre_C_CE)      -0.169    14.838    game_soc/cpu/fetch_address_reg[27]
  -------------------------------------------------------------------
                         required time                         14.838    
                         arrival time                         -14.676    
  -------------------------------------------------------------------
                         slack                                  0.161    

Slack (MET) :             0.161ns  (required time - arrival time)
  Source:                 game_soc/cpu/mem_wb_rd_addr_reg[4]/C
                            (rising edge-triggered cell FDCE clocked by sys_clk_pin  {rise@0.000ns fall@5.000ns period=10.000ns})
  Destination:            game_soc/cpu/fetch_address_reg[29]/CE
                            (rising edge-triggered cell FDRE clocked by sys_clk_pin  {rise@0.000ns fall@5.000ns period=10.000ns})
  Path Group:             sys_clk_pin
  Path Type:              Setup (Max at Slow Process Corner)
  Requirement:            10.000ns  (sys_clk_pin rise@10.000ns - sys_clk_pin rise@0.000ns)
  Data Path Delay:        9.602ns  (logic 2.421ns (25.213%)  route 7.181ns (74.787%))
  Logic Levels:           13  (CARRY4=4 LUT4=1 LUT5=3 LUT6=5)
  Clock Path Skew:        -0.032ns (DCD - SCD + CPR)
    Destination Clock Delay (DCD):    4.782ns = ( 14.782 - 10.000 ) 
    Source Clock Delay      (SCD):    5.074ns
    Clock Pessimism Removal (CPR):    0.260ns
  Clock Uncertainty:      0.035ns  ((TSJ^2 + TIJ^2)^1/2 + DJ) / 2 + PE
    Total System Jitter     (TSJ):    0.071ns
    Total Input Jitter      (TIJ):    0.000ns
    Discrete Jitter          (DJ):    0.000ns
    Phase Error              (PE):    0.000ns

    Location             Delay type                Incr(ns)  Path(ns)    Netlist Resource(s)
  -------------------------------------------------------------------    -------------------
                         (clock sys_clk_pin rise edge)
                                                      0.000     0.000 r  
    W5                                                0.000     0.000 r  clk (IN)
                         net (fo=0)                   0.000     0.000    clk
    W5                   IBUF (Prop_ibuf_I_O)         1.458     1.458 r  clk_IBUF_inst/O
                         net (fo=1, routed)           1.967     3.425    clk_IBUF
    BUFGCTRL_X0Y0        BUFG (Prop_bufg_I_O)         0.096     3.521 r  clk_IBUF_BUFG_inst/O
                         net (fo=3487, routed)        1.553     5.074    game_soc/cpu/clk_IBUF_BUFG
    SLICE_X47Y21         FDCE                                         r  game_soc/cpu/mem_wb_rd_addr_reg[4]/C
  -------------------------------------------------------------------    -------------------
    SLICE_X47Y21         FDCE (Prop_fdce_C_Q)         0.456     5.530 r  game_soc/cpu/mem_wb_rd_addr_reg[4]/Q
                         net (fo=129, routed)         0.864     6.394    game_soc/cpu/register_file/valid_reg[1]_3
    SLICE_X47Y21         LUT5 (Prop_lut5_I0_O)        0.124     6.518 r  game_soc/cpu/register_file/registers_a_reg_0_31_0_5_i_3/O
                         net (fo=4, routed)           0.817     7.335    game_soc/cpu/mem_wb_can_forward0
    SLICE_X47Y22         LUT6 (Prop_lut6_I2_O)        0.124     7.459 r  game_soc/cpu/ex_mem_store_data[31]_i_7/O
                         net (fo=32, routed)          0.831     8.291    game_soc/cpu/ex_rs2_value1
    SLICE_X46Y21         LUT5 (Prop_lut5_I0_O)        0.124     8.415 r  game_soc/cpu/ex_mem_store_data[26]_i_4/O
                         net (fo=12, routed)          0.838     9.253    game_soc/cpu/ex_rs2_value[2]
    SLICE_X44Y23         LUT4 (Prop_lut4_I0_O)        0.124     9.377 r  game_soc/cpu/flush_count[0]_i_123/O
                         net (fo=2, routed)           0.376     9.752    game_soc/cpu/flush_count[0]_i_123_n_0
    SLICE_X45Y25         CARRY4 (Prop_carry4_DI[1]_CO[3])
                                                      0.507    10.259 r  game_soc/cpu/flush_count_reg[0]_i_94/CO[3]
                         net (fo=1, routed)           0.000    10.259    game_soc/cpu/flush_count_reg[0]_i_94_n_0
    SLICE_X45Y26         CARRY4 (Prop_carry4_CI_CO[3])
                                                      0.114    10.373 r  game_soc/cpu/flush_count_reg[0]_i_59/CO[3]
                         net (fo=1, routed)           0.000    10.373    game_soc/cpu/flush_count_reg[0]_i_59_n_0
    SLICE_X45Y27         CARRY4 (Prop_carry4_CI_CO[3])
                                                      0.114    10.487 r  game_soc/cpu/flush_count_reg[0]_i_22/CO[3]
                         net (fo=1, routed)           0.000    10.487    game_soc/cpu/flush_count_reg[0]_i_22_n_0
    SLICE_X45Y28         CARRY4 (Prop_carry4_CI_CO[3])
                                                      0.114    10.601 r  game_soc/cpu/flush_count_reg[0]_i_11/CO[3]
                         net (fo=1, routed)           1.268    11.869    game_soc/cpu/data4
    SLICE_X48Y24         LUT6 (Prop_lut6_I1_O)        0.124    11.993 f  game_soc/cpu/flush_count[0]_i_7/O
                         net (fo=1, routed)           0.159    12.152    game_soc/cpu/flush_count[0]_i_7_n_0
    SLICE_X48Y24         LUT5 (Prop_lut5_I1_O)        0.124    12.276 f  game_soc/cpu/flush_count[0]_i_3/O
                         net (fo=6, routed)           0.329    12.605    game_soc/cpu/p_46_in
    SLICE_X49Y22         LUT6 (Prop_lut6_I4_O)        0.124    12.729 f  game_soc/cpu/flush_count[0]_i_4/O
                         net (fo=4, routed)           0.469    13.198    game_soc/cpu/flush_count[0]_i_4_n_0
    SLICE_X51Y20         LUT6 (Prop_lut6_I1_O)        0.124    13.322 f  game_soc/cpu/id_ex_valid_i_3/O
                         net (fo=3, routed)           0.577    13.899    game_soc/cpu/fetch_address1
    SLICE_X53Y23         LUT6 (Prop_lut6_I3_O)        0.124    14.023 r  game_soc/cpu/fetch_address[31]_i_1/O
                         net (fo=32, routed)          0.653    14.676    game_soc/cpu/fetch_address[0]
    SLICE_X54Y29         FDRE                                         r  game_soc/cpu/fetch_address_reg[29]/CE
  -------------------------------------------------------------------    -------------------

                         (clock sys_clk_pin rise edge)
                                                     10.000    10.000 r  
    W5                                                0.000    10.000 r  clk (IN)
                         net (fo=0)                   0.000    10.000    clk
    W5                   IBUF (Prop_ibuf_I_O)         1.388    11.388 r  clk_IBUF_inst/O
                         net (fo=1, routed)           1.862    13.250    clk_IBUF
    BUFGCTRL_X0Y0        BUFG (Prop_bufg_I_O)         0.091    13.341 r  clk_IBUF_BUFG_inst/O
                         net (fo=3487, routed)        1.441    14.782    game_soc/cpu/clk_IBUF_BUFG
    SLICE_X54Y29         FDRE                                         r  game_soc/cpu/fetch_address_reg[29]/C
                         clock pessimism              0.260    15.042    
                         clock uncertainty           -0.035    15.007    
    SLICE_X54Y29         FDRE (Setup_fdre_C_CE)      -0.169    14.838    game_soc/cpu/fetch_address_reg[29]
  -------------------------------------------------------------------
                         required time                         14.838    
                         arrival time                         -14.676    
  -------------------------------------------------------------------
                         slack                                  0.161    

Slack (MET) :             0.173ns  (required time - arrival time)
  Source:                 game_soc/cpu/mem_wb_rd_addr_reg[4]/C
                            (rising edge-triggered cell FDCE clocked by sys_clk_pin  {rise@0.000ns fall@5.000ns period=10.000ns})
  Destination:            game_soc/cpu/fetch_address_reg[12]/CE
                            (rising edge-triggered cell FDRE clocked by sys_clk_pin  {rise@0.000ns fall@5.000ns period=10.000ns})
  Path Group:             sys_clk_pin
  Path Type:              Setup (Max at Slow Process Corner)
  Requirement:            10.000ns  (sys_clk_pin rise@10.000ns - sys_clk_pin rise@0.000ns)
  Data Path Delay:        9.550ns  (logic 2.421ns (25.350%)  route 7.129ns (74.650%))
  Logic Levels:           13  (CARRY4=4 LUT4=1 LUT5=3 LUT6=5)
  Clock Path Skew:        -0.036ns (DCD - SCD + CPR)
    Destination Clock Delay (DCD):    4.778ns = ( 14.778 - 10.000 ) 
    Source Clock Delay      (SCD):    5.074ns
    Clock Pessimism Removal (CPR):    0.260ns
  Clock Uncertainty:      0.035ns  ((TSJ^2 + TIJ^2)^1/2 + DJ) / 2 + PE
    Total System Jitter     (TSJ):    0.071ns
    Total Input Jitter      (TIJ):    0.000ns
    Discrete Jitter          (DJ):    0.000ns
    Phase Error              (PE):    0.000ns

    Location             Delay type                Incr(ns)  Path(ns)    Netlist Resource(s)
  -------------------------------------------------------------------    -------------------
                         (clock sys_clk_pin rise edge)
                                                      0.000     0.000 r  
    W5                                                0.000     0.000 r  clk (IN)
                         net (fo=0)                   0.000     0.000    clk
    W5                   IBUF (Prop_ibuf_I_O)         1.458     1.458 r  clk_IBUF_inst/O
                         net (fo=1, routed)           1.967     3.425    clk_IBUF
    BUFGCTRL_X0Y0        BUFG (Prop_bufg_I_O)         0.096     3.521 r  clk_IBUF_BUFG_inst/O
                         net (fo=3487, routed)        1.553     5.074    game_soc/cpu/clk_IBUF_BUFG
    SLICE_X47Y21         FDCE                                         r  game_soc/cpu/mem_wb_rd_addr_reg[4]/C
  -------------------------------------------------------------------    -------------------
    SLICE_X47Y21         FDCE (Prop_fdce_C_Q)         0.456     5.530 r  game_soc/cpu/mem_wb_rd_addr_reg[4]/Q
                         net (fo=129, routed)         0.864     6.394    game_soc/cpu/register_file/valid_reg[1]_3
    SLICE_X47Y21         LUT5 (Prop_lut5_I0_O)        0.124     6.518 r  game_soc/cpu/register_file/registers_a_reg_0_31_0_5_i_3/O
                         net (fo=4, routed)           0.817     7.335    game_soc/cpu/mem_wb_can_forward0
    SLICE_X47Y22         LUT6 (Prop_lut6_I2_O)        0.124     7.459 r  game_soc/cpu/ex_mem_store_data[31]_i_7/O
                         net (fo=32, routed)          0.831     8.291    game_soc/cpu/ex_rs2_value1
    SLICE_X46Y21         LUT5 (Prop_lut5_I0_O)        0.124     8.415 r  game_soc/cpu/ex_mem_store_data[26]_i_4/O
                         net (fo=12, routed)          0.838     9.253    game_soc/cpu/ex_rs2_value[2]
    SLICE_X44Y23         LUT4 (Prop_lut4_I0_O)        0.124     9.377 r  game_soc/cpu/flush_count[0]_i_123/O
                         net (fo=2, routed)           0.376     9.752    game_soc/cpu/flush_count[0]_i_123_n_0
    SLICE_X45Y25         CARRY4 (Prop_carry4_DI[1]_CO[3])
                                                      0.507    10.259 r  game_soc/cpu/flush_count_reg[0]_i_94/CO[3]
                         net (fo=1, routed)           0.000    10.259    game_soc/cpu/flush_count_reg[0]_i_94_n_0
    SLICE_X45Y26         CARRY4 (Prop_carry4_CI_CO[3])
                                                      0.114    10.373 r  game_soc/cpu/flush_count_reg[0]_i_59/CO[3]
                         net (fo=1, routed)           0.000    10.373    game_soc/cpu/flush_count_reg[0]_i_59_n_0
    SLICE_X45Y27         CARRY4 (Prop_carry4_CI_CO[3])
                                                      0.114    10.487 r  game_soc/cpu/flush_count_reg[0]_i_22/CO[3]
                         net (fo=1, routed)           0.000    10.487    game_soc/cpu/flush_count_reg[0]_i_22_n_0
    SLICE_X45Y28         CARRY4 (Prop_carry4_CI_CO[3])
                                                      0.114    10.601 r  game_soc/cpu/flush_count_reg[0]_i_11/CO[3]
                         net (fo=1, routed)           1.268    11.869    game_soc/cpu/data4
    SLICE_X48Y24         LUT6 (Prop_lut6_I1_O)        0.124    11.993 f  game_soc/cpu/flush_count[0]_i_7/O
                         net (fo=1, routed)           0.159    12.152    game_soc/cpu/flush_count[0]_i_7_n_0
    SLICE_X48Y24         LUT5 (Prop_lut5_I1_O)        0.124    12.276 f  game_soc/cpu/flush_count[0]_i_3/O
                         net (fo=6, routed)           0.329    12.605    game_soc/cpu/p_46_in
    SLICE_X49Y22         LUT6 (Prop_lut6_I4_O)        0.124    12.729 f  game_soc/cpu/flush_count[0]_i_4/O
                         net (fo=4, routed)           0.469    13.198    game_soc/cpu/flush_count[0]_i_4_n_0
    SLICE_X51Y20         LUT6 (Prop_lut6_I1_O)        0.124    13.322 f  game_soc/cpu/id_ex_valid_i_3/O
                         net (fo=3, routed)           0.577    13.899    game_soc/cpu/fetch_address1
    SLICE_X53Y23         LUT6 (Prop_lut6_I3_O)        0.124    14.023 r  game_soc/cpu/fetch_address[31]_i_1/O
                         net (fo=32, routed)          0.601    14.625    game_soc/cpu/fetch_address[0]
    SLICE_X51Y26         FDRE                                         r  game_soc/cpu/fetch_address_reg[12]/CE
  -------------------------------------------------------------------    -------------------

                         (clock sys_clk_pin rise edge)
                                                     10.000    10.000 r  
    W5                                                0.000    10.000 r  clk (IN)
                         net (fo=0)                   0.000    10.000    clk
    W5                   IBUF (Prop_ibuf_I_O)         1.388    11.388 r  clk_IBUF_inst/O
                         net (fo=1, routed)           1.862    13.250    clk_IBUF
    BUFGCTRL_X0Y0        BUFG (Prop_bufg_I_O)         0.091    13.341 r  clk_IBUF_BUFG_inst/O
                         net (fo=3487, routed)        1.437    14.778    game_soc/cpu/clk_IBUF_BUFG
    SLICE_X51Y26         FDRE                                         r  game_soc/cpu/fetch_address_reg[12]/C
                         clock pessimism              0.260    15.038    
                         clock uncertainty           -0.035    15.003    
    SLICE_X51Y26         FDRE (Setup_fdre_C_CE)      -0.205    14.798    game_soc/cpu/fetch_address_reg[12]
  -------------------------------------------------------------------
                         required time                         14.798    
                         arrival time                         -14.625    
  -------------------------------------------------------------------
                         slack                                  0.173    

Slack (MET) :             0.173ns  (required time - arrival time)
  Source:                 game_soc/cpu/mem_wb_rd_addr_reg[4]/C
                            (rising edge-triggered cell FDCE clocked by sys_clk_pin  {rise@0.000ns fall@5.000ns period=10.000ns})
  Destination:            game_soc/cpu/fetch_address_reg[13]/CE
                            (rising edge-triggered cell FDRE clocked by sys_clk_pin  {rise@0.000ns fall@5.000ns period=10.000ns})
  Path Group:             sys_clk_pin
  Path Type:              Setup (Max at Slow Process Corner)
  Requirement:            10.000ns  (sys_clk_pin rise@10.000ns - sys_clk_pin rise@0.000ns)
  Data Path Delay:        9.550ns  (logic 2.421ns (25.350%)  route 7.129ns (74.650%))
  Logic Levels:           13  (CARRY4=4 LUT4=1 LUT5=3 LUT6=5)
  Clock Path Skew:        -0.036ns (DCD - SCD + CPR)
    Destination Clock Delay (DCD):    4.778ns = ( 14.778 - 10.000 ) 
    Source Clock Delay      (SCD):    5.074ns
    Clock Pessimism Removal (CPR):    0.260ns
  Clock Uncertainty:      0.035ns  ((TSJ^2 + TIJ^2)^1/2 + DJ) / 2 + PE
    Total System Jitter     (TSJ):    0.071ns
    Total Input Jitter      (TIJ):    0.000ns
    Discrete Jitter          (DJ):    0.000ns
    Phase Error              (PE):    0.000ns

    Location             Delay type                Incr(ns)  Path(ns)    Netlist Resource(s)
  -------------------------------------------------------------------    -------------------
                         (clock sys_clk_pin rise edge)
                                                      0.000     0.000 r  
    W5                                                0.000     0.000 r  clk (IN)
                         net (fo=0)                   0.000     0.000    clk
    W5                   IBUF (Prop_ibuf_I_O)         1.458     1.458 r  clk_IBUF_inst/O
                         net (fo=1, routed)           1.967     3.425    clk_IBUF
    BUFGCTRL_X0Y0        BUFG (Prop_bufg_I_O)         0.096     3.521 r  clk_IBUF_BUFG_inst/O
                         net (fo=3487, routed)        1.553     5.074    game_soc/cpu/clk_IBUF_BUFG
    SLICE_X47Y21         FDCE                                         r  game_soc/cpu/mem_wb_rd_addr_reg[4]/C
  -------------------------------------------------------------------    -------------------
    SLICE_X47Y21         FDCE (Prop_fdce_C_Q)         0.456     5.530 r  game_soc/cpu/mem_wb_rd_addr_reg[4]/Q
                         net (fo=129, routed)         0.864     6.394    game_soc/cpu/register_file/valid_reg[1]_3
    SLICE_X47Y21         LUT5 (Prop_lut5_I0_O)        0.124     6.518 r  game_soc/cpu/register_file/registers_a_reg_0_31_0_5_i_3/O
                         net (fo=4, routed)           0.817     7.335    game_soc/cpu/mem_wb_can_forward0
    SLICE_X47Y22         LUT6 (Prop_lut6_I2_O)        0.124     7.459 r  game_soc/cpu/ex_mem_store_data[31]_i_7/O
                         net (fo=32, routed)          0.831     8.291    game_soc/cpu/ex_rs2_value1
    SLICE_X46Y21         LUT5 (Prop_lut5_I0_O)        0.124     8.415 r  game_soc/cpu/ex_mem_store_data[26]_i_4/O
                         net (fo=12, routed)          0.838     9.253    game_soc/cpu/ex_rs2_value[2]
    SLICE_X44Y23         LUT4 (Prop_lut4_I0_O)        0.124     9.377 r  game_soc/cpu/flush_count[0]_i_123/O
                         net (fo=2, routed)           0.376     9.752    game_soc/cpu/flush_count[0]_i_123_n_0
    SLICE_X45Y25         CARRY4 (Prop_carry4_DI[1]_CO[3])
                                                      0.507    10.259 r  game_soc/cpu/flush_count_reg[0]_i_94/CO[3]
                         net (fo=1, routed)           0.000    10.259    game_soc/cpu/flush_count_reg[0]_i_94_n_0
    SLICE_X45Y26         CARRY4 (Prop_carry4_CI_CO[3])
                                                      0.114    10.373 r  game_soc/cpu/flush_count_reg[0]_i_59/CO[3]
                         net (fo=1, routed)           0.000    10.373    game_soc/cpu/flush_count_reg[0]_i_59_n_0
    SLICE_X45Y27         CARRY4 (Prop_carry4_CI_CO[3])
                                                      0.114    10.487 r  game_soc/cpu/flush_count_reg[0]_i_22/CO[3]
                         net (fo=1, routed)           0.000    10.487    game_soc/cpu/flush_count_reg[0]_i_22_n_0
    SLICE_X45Y28         CARRY4 (Prop_carry4_CI_CO[3])
                                                      0.114    10.601 r  game_soc/cpu/flush_count_reg[0]_i_11/CO[3]
                         net (fo=1, routed)           1.268    11.869    game_soc/cpu/data4
    SLICE_X48Y24         LUT6 (Prop_lut6_I1_O)        0.124    11.993 f  game_soc/cpu/flush_count[0]_i_7/O
                         net (fo=1, routed)           0.159    12.152    game_soc/cpu/flush_count[0]_i_7_n_0
    SLICE_X48Y24         LUT5 (Prop_lut5_I1_O)        0.124    12.276 f  game_soc/cpu/flush_count[0]_i_3/O
                         net (fo=6, routed)           0.329    12.605    game_soc/cpu/p_46_in
    SLICE_X49Y22         LUT6 (Prop_lut6_I4_O)        0.124    12.729 f  game_soc/cpu/flush_count[0]_i_4/O
                         net (fo=4, routed)           0.469    13.198    game_soc/cpu/flush_count[0]_i_4_n_0
    SLICE_X51Y20         LUT6 (Prop_lut6_I1_O)        0.124    13.322 f  game_soc/cpu/id_ex_valid_i_3/O
                         net (fo=3, routed)           0.577    13.899    game_soc/cpu/fetch_address1
    SLICE_X53Y23         LUT6 (Prop_lut6_I3_O)        0.124    14.023 r  game_soc/cpu/fetch_address[31]_i_1/O
                         net (fo=32, routed)          0.601    14.625    game_soc/cpu/fetch_address[0]
    SLICE_X51Y26         FDRE                                         r  game_soc/cpu/fetch_address_reg[13]/CE
  -------------------------------------------------------------------    -------------------

                         (clock sys_clk_pin rise edge)
                                                     10.000    10.000 r  
    W5                                                0.000    10.000 r  clk (IN)
                         net (fo=0)                   0.000    10.000    clk
    W5                   IBUF (Prop_ibuf_I_O)         1.388    11.388 r  clk_IBUF_inst/O
                         net (fo=1, routed)           1.862    13.250    clk_IBUF
    BUFGCTRL_X0Y0        BUFG (Prop_bufg_I_O)         0.091    13.341 r  clk_IBUF_BUFG_inst/O
                         net (fo=3487, routed)        1.437    14.778    game_soc/cpu/clk_IBUF_BUFG
    SLICE_X51Y26         FDRE                                         r  game_soc/cpu/fetch_address_reg[13]/C
                         clock pessimism              0.260    15.038    
                         clock uncertainty           -0.035    15.003    
    SLICE_X51Y26         FDRE (Setup_fdre_C_CE)      -0.205    14.798    game_soc/cpu/fetch_address_reg[13]
  -------------------------------------------------------------------
                         required time                         14.798    
                         arrival time                         -14.625    
  -------------------------------------------------------------------
                         slack                                  0.173    

Slack (MET) :             0.173ns  (required time - arrival time)
  Source:                 game_soc/cpu/mem_wb_rd_addr_reg[4]/C
                            (rising edge-triggered cell FDCE clocked by sys_clk_pin  {rise@0.000ns fall@5.000ns period=10.000ns})
  Destination:            game_soc/cpu/fetch_address_reg[22]/CE
                            (rising edge-triggered cell FDRE clocked by sys_clk_pin  {rise@0.000ns fall@5.000ns period=10.000ns})
  Path Group:             sys_clk_pin
  Path Type:              Setup (Max at Slow Process Corner)
  Requirement:            10.000ns  (sys_clk_pin rise@10.000ns - sys_clk_pin rise@0.000ns)
  Data Path Delay:        9.550ns  (logic 2.421ns (25.350%)  route 7.129ns (74.650%))
  Logic Levels:           13  (CARRY4=4 LUT4=1 LUT5=3 LUT6=5)
  Clock Path Skew:        -0.036ns (DCD - SCD + CPR)
    Destination Clock Delay (DCD):    4.778ns = ( 14.778 - 10.000 ) 
    Source Clock Delay      (SCD):    5.074ns
    Clock Pessimism Removal (CPR):    0.260ns
  Clock Uncertainty:      0.035ns  ((TSJ^2 + TIJ^2)^1/2 + DJ) / 2 + PE
    Total System Jitter     (TSJ):    0.071ns
    Total Input Jitter      (TIJ):    0.000ns
    Discrete Jitter          (DJ):    0.000ns
    Phase Error              (PE):    0.000ns

    Location             Delay type                Incr(ns)  Path(ns)    Netlist Resource(s)
  -------------------------------------------------------------------    -------------------
                         (clock sys_clk_pin rise edge)
                                                      0.000     0.000 r  
    W5                                                0.000     0.000 r  clk (IN)
                         net (fo=0)                   0.000     0.000    clk
    W5                   IBUF (Prop_ibuf_I_O)         1.458     1.458 r  clk_IBUF_inst/O
                         net (fo=1, routed)           1.967     3.425    clk_IBUF
    BUFGCTRL_X0Y0        BUFG (Prop_bufg_I_O)         0.096     3.521 r  clk_IBUF_BUFG_inst/O
                         net (fo=3487, routed)        1.553     5.074    game_soc/cpu/clk_IBUF_BUFG
    SLICE_X47Y21         FDCE                                         r  game_soc/cpu/mem_wb_rd_addr_reg[4]/C
  -------------------------------------------------------------------    -------------------
    SLICE_X47Y21         FDCE (Prop_fdce_C_Q)         0.456     5.530 r  game_soc/cpu/mem_wb_rd_addr_reg[4]/Q
                         net (fo=129, routed)         0.864     6.394    game_soc/cpu/register_file/valid_reg[1]_3
    SLICE_X47Y21         LUT5 (Prop_lut5_I0_O)        0.124     6.518 r  game_soc/cpu/register_file/registers_a_reg_0_31_0_5_i_3/O
                         net (fo=4, routed)           0.817     7.335    game_soc/cpu/mem_wb_can_forward0
    SLICE_X47Y22         LUT6 (Prop_lut6_I2_O)        0.124     7.459 r  game_soc/cpu/ex_mem_store_data[31]_i_7/O
                         net (fo=32, routed)          0.831     8.291    game_soc/cpu/ex_rs2_value1
    SLICE_X46Y21         LUT5 (Prop_lut5_I0_O)        0.124     8.415 r  game_soc/cpu/ex_mem_store_data[26]_i_4/O
                         net (fo=12, routed)          0.838     9.253    game_soc/cpu/ex_rs2_value[2]
    SLICE_X44Y23         LUT4 (Prop_lut4_I0_O)        0.124     9.377 r  game_soc/cpu/flush_count[0]_i_123/O
                         net (fo=2, routed)           0.376     9.752    game_soc/cpu/flush_count[0]_i_123_n_0
    SLICE_X45Y25         CARRY4 (Prop_carry4_DI[1]_CO[3])
                                                      0.507    10.259 r  game_soc/cpu/flush_count_reg[0]_i_94/CO[3]
                         net (fo=1, routed)           0.000    10.259    game_soc/cpu/flush_count_reg[0]_i_94_n_0
    SLICE_X45Y26         CARRY4 (Prop_carry4_CI_CO[3])
                                                      0.114    10.373 r  game_soc/cpu/flush_count_reg[0]_i_59/CO[3]
                         net (fo=1, routed)           0.000    10.373    game_soc/cpu/flush_count_reg[0]_i_59_n_0
    SLICE_X45Y27         CARRY4 (Prop_carry4_CI_CO[3])
                                                      0.114    10.487 r  game_soc/cpu/flush_count_reg[0]_i_22/CO[3]
                         net (fo=1, routed)           0.000    10.487    game_soc/cpu/flush_count_reg[0]_i_22_n_0
    SLICE_X45Y28         CARRY4 (Prop_carry4_CI_CO[3])
                                                      0.114    10.601 r  game_soc/cpu/flush_count_reg[0]_i_11/CO[3]
                         net (fo=1, routed)           1.268    11.869    game_soc/cpu/data4
    SLICE_X48Y24         LUT6 (Prop_lut6_I1_O)        0.124    11.993 f  game_soc/cpu/flush_count[0]_i_7/O
                         net (fo=1, routed)           0.159    12.152    game_soc/cpu/flush_count[0]_i_7_n_0
    SLICE_X48Y24         LUT5 (Prop_lut5_I1_O)        0.124    12.276 f  game_soc/cpu/flush_count[0]_i_3/O
                         net (fo=6, routed)           0.329    12.605    game_soc/cpu/p_46_in
    SLICE_X49Y22         LUT6 (Prop_lut6_I4_O)        0.124    12.729 f  game_soc/cpu/flush_count[0]_i_4/O
                         net (fo=4, routed)           0.469    13.198    game_soc/cpu/flush_count[0]_i_4_n_0
    SLICE_X51Y20         LUT6 (Prop_lut6_I1_O)        0.124    13.322 f  game_soc/cpu/id_ex_valid_i_3/O
                         net (fo=3, routed)           0.577    13.899    game_soc/cpu/fetch_address1
    SLICE_X53Y23         LUT6 (Prop_lut6_I3_O)        0.124    14.023 r  game_soc/cpu/fetch_address[31]_i_1/O
                         net (fo=32, routed)          0.601    14.625    game_soc/cpu/fetch_address[0]
    SLICE_X51Y26         FDRE                                         r  game_soc/cpu/fetch_address_reg[22]/CE
  -------------------------------------------------------------------    -------------------

                         (clock sys_clk_pin rise edge)
                                                     10.000    10.000 r  
    W5                                                0.000    10.000 r  clk (IN)
                         net (fo=0)                   0.000    10.000    clk
    W5                   IBUF (Prop_ibuf_I_O)         1.388    11.388 r  clk_IBUF_inst/O
                         net (fo=1, routed)           1.862    13.250    clk_IBUF
    BUFGCTRL_X0Y0        BUFG (Prop_bufg_I_O)         0.091    13.341 r  clk_IBUF_BUFG_inst/O
                         net (fo=3487, routed)        1.437    14.778    game_soc/cpu/clk_IBUF_BUFG
    SLICE_X51Y26         FDRE                                         r  game_soc/cpu/fetch_address_reg[22]/C
                         clock pessimism              0.260    15.038    
                         clock uncertainty           -0.035    15.003    
    SLICE_X51Y26         FDRE (Setup_fdre_C_CE)      -0.205    14.798    game_soc/cpu/fetch_address_reg[22]
  -------------------------------------------------------------------
                         required time                         14.798    
                         arrival time                         -14.625    
  -------------------------------------------------------------------
                         slack                                  0.173    

Slack (MET) :             0.173ns  (required time - arrival time)
  Source:                 game_soc/cpu/mem_wb_rd_addr_reg[4]/C
                            (rising edge-triggered cell FDCE clocked by sys_clk_pin  {rise@0.000ns fall@5.000ns period=10.000ns})
  Destination:            game_soc/cpu/fetch_address_reg[28]/CE
                            (rising edge-triggered cell FDRE clocked by sys_clk_pin  {rise@0.000ns fall@5.000ns period=10.000ns})
  Path Group:             sys_clk_pin
  Path Type:              Setup (Max at Slow Process Corner)
  Requirement:            10.000ns  (sys_clk_pin rise@10.000ns - sys_clk_pin rise@0.000ns)
  Data Path Delay:        9.550ns  (logic 2.421ns (25.350%)  route 7.129ns (74.650%))
  Logic Levels:           13  (CARRY4=4 LUT4=1 LUT5=3 LUT6=5)
  Clock Path Skew:        -0.036ns (DCD - SCD + CPR)
    Destination Clock Delay (DCD):    4.778ns = ( 14.778 - 10.000 ) 
    Source Clock Delay      (SCD):    5.074ns
    Clock Pessimism Removal (CPR):    0.260ns
  Clock Uncertainty:      0.035ns  ((TSJ^2 + TIJ^2)^1/2 + DJ) / 2 + PE
    Total System Jitter     (TSJ):    0.071ns
    Total Input Jitter      (TIJ):    0.000ns
    Discrete Jitter          (DJ):    0.000ns
    Phase Error              (PE):    0.000ns

    Location             Delay type                Incr(ns)  Path(ns)    Netlist Resource(s)
  -------------------------------------------------------------------    -------------------
                         (clock sys_clk_pin rise edge)
                                                      0.000     0.000 r  
    W5                                                0.000     0.000 r  clk (IN)
                         net (fo=0)                   0.000     0.000    clk
    W5                   IBUF (Prop_ibuf_I_O)         1.458     1.458 r  clk_IBUF_inst/O
                         net (fo=1, routed)           1.967     3.425    clk_IBUF
    BUFGCTRL_X0Y0        BUFG (Prop_bufg_I_O)         0.096     3.521 r  clk_IBUF_BUFG_inst/O
                         net (fo=3487, routed)        1.553     5.074    game_soc/cpu/clk_IBUF_BUFG
    SLICE_X47Y21         FDCE                                         r  game_soc/cpu/mem_wb_rd_addr_reg[4]/C
  -------------------------------------------------------------------    -------------------
    SLICE_X47Y21         FDCE (Prop_fdce_C_Q)         0.456     5.530 r  game_soc/cpu/mem_wb_rd_addr_reg[4]/Q
                         net (fo=129, routed)         0.864     6.394    game_soc/cpu/register_file/valid_reg[1]_3
    SLICE_X47Y21         LUT5 (Prop_lut5_I0_O)        0.124     6.518 r  game_soc/cpu/register_file/registers_a_reg_0_31_0_5_i_3/O
                         net (fo=4, routed)           0.817     7.335    game_soc/cpu/mem_wb_can_forward0
    SLICE_X47Y22         LUT6 (Prop_lut6_I2_O)        0.124     7.459 r  game_soc/cpu/ex_mem_store_data[31]_i_7/O
                         net (fo=32, routed)          0.831     8.291    game_soc/cpu/ex_rs2_value1
    SLICE_X46Y21         LUT5 (Prop_lut5_I0_O)        0.124     8.415 r  game_soc/cpu/ex_mem_store_data[26]_i_4/O
                         net (fo=12, routed)          0.838     9.253    game_soc/cpu/ex_rs2_value[2]
    SLICE_X44Y23         LUT4 (Prop_lut4_I0_O)        0.124     9.377 r  game_soc/cpu/flush_count[0]_i_123/O
                         net (fo=2, routed)           0.376     9.752    game_soc/cpu/flush_count[0]_i_123_n_0
    SLICE_X45Y25         CARRY4 (Prop_carry4_DI[1]_CO[3])
                                                      0.507    10.259 r  game_soc/cpu/flush_count_reg[0]_i_94/CO[3]
                         net (fo=1, routed)           0.000    10.259    game_soc/cpu/flush_count_reg[0]_i_94_n_0
    SLICE_X45Y26         CARRY4 (Prop_carry4_CI_CO[3])
                                                      0.114    10.373 r  game_soc/cpu/flush_count_reg[0]_i_59/CO[3]
                         net (fo=1, routed)           0.000    10.373    game_soc/cpu/flush_count_reg[0]_i_59_n_0
    SLICE_X45Y27         CARRY4 (Prop_carry4_CI_CO[3])
                                                      0.114    10.487 r  game_soc/cpu/flush_count_reg[0]_i_22/CO[3]
                         net (fo=1, routed)           0.000    10.487    game_soc/cpu/flush_count_reg[0]_i_22_n_0
    SLICE_X45Y28         CARRY4 (Prop_carry4_CI_CO[3])
                                                      0.114    10.601 r  game_soc/cpu/flush_count_reg[0]_i_11/CO[3]
                         net (fo=1, routed)           1.268    11.869    game_soc/cpu/data4
    SLICE_X48Y24         LUT6 (Prop_lut6_I1_O)        0.124    11.993 f  game_soc/cpu/flush_count[0]_i_7/O
                         net (fo=1, routed)           0.159    12.152    game_soc/cpu/flush_count[0]_i_7_n_0
    SLICE_X48Y24         LUT5 (Prop_lut5_I1_O)        0.124    12.276 f  game_soc/cpu/flush_count[0]_i_3/O
                         net (fo=6, routed)           0.329    12.605    game_soc/cpu/p_46_in
    SLICE_X49Y22         LUT6 (Prop_lut6_I4_O)        0.124    12.729 f  game_soc/cpu/flush_count[0]_i_4/O
                         net (fo=4, routed)           0.469    13.198    game_soc/cpu/flush_count[0]_i_4_n_0
    SLICE_X51Y20         LUT6 (Prop_lut6_I1_O)        0.124    13.322 f  game_soc/cpu/id_ex_valid_i_3/O
                         net (fo=3, routed)           0.577    13.899    game_soc/cpu/fetch_address1
    SLICE_X53Y23         LUT6 (Prop_lut6_I3_O)        0.124    14.023 r  game_soc/cpu/fetch_address[31]_i_1/O
                         net (fo=32, routed)          0.601    14.625    game_soc/cpu/fetch_address[0]
    SLICE_X51Y26         FDRE                                         r  game_soc/cpu/fetch_address_reg[28]/CE
  -------------------------------------------------------------------    -------------------

                         (clock sys_clk_pin rise edge)
                                                     10.000    10.000 r  
    W5                                                0.000    10.000 r  clk (IN)
                         net (fo=0)                   0.000    10.000    clk
    W5                   IBUF (Prop_ibuf_I_O)         1.388    11.388 r  clk_IBUF_inst/O
                         net (fo=1, routed)           1.862    13.250    clk_IBUF
    BUFGCTRL_X0Y0        BUFG (Prop_bufg_I_O)         0.091    13.341 r  clk_IBUF_BUFG_inst/O
                         net (fo=3487, routed)        1.437    14.778    game_soc/cpu/clk_IBUF_BUFG
    SLICE_X51Y26         FDRE                                         r  game_soc/cpu/fetch_address_reg[28]/C
                         clock pessimism              0.260    15.038    
                         clock uncertainty           -0.035    15.003    
    SLICE_X51Y26         FDRE (Setup_fdre_C_CE)      -0.205    14.798    game_soc/cpu/fetch_address_reg[28]
  -------------------------------------------------------------------
                         required time                         14.798    
                         arrival time                         -14.625    
  -------------------------------------------------------------------
                         slack                                  0.173    

Slack (MET) :             0.183ns  (required time - arrival time)
  Source:                 game_soc/cpu/mem_wb_rd_addr_reg[4]/C
                            (rising edge-triggered cell FDCE clocked by sys_clk_pin  {rise@0.000ns fall@5.000ns period=10.000ns})
  Destination:            game_soc/cpu/fetch_address_reg[10]/CE
                            (rising edge-triggered cell FDRE clocked by sys_clk_pin  {rise@0.000ns fall@5.000ns period=10.000ns})
  Path Group:             sys_clk_pin
  Path Type:              Setup (Max at Slow Process Corner)
  Requirement:            10.000ns  (sys_clk_pin rise@10.000ns - sys_clk_pin rise@0.000ns)
  Data Path Delay:        9.539ns  (logic 2.421ns (25.380%)  route 7.118ns (74.620%))
  Logic Levels:           13  (CARRY4=4 LUT4=1 LUT5=3 LUT6=5)
  Clock Path Skew:        -0.038ns (DCD - SCD + CPR)
    Destination Clock Delay (DCD):    4.776ns = ( 14.776 - 10.000 ) 
    Source Clock Delay      (SCD):    5.074ns
    Clock Pessimism Removal (CPR):    0.260ns
  Clock Uncertainty:      0.035ns  ((TSJ^2 + TIJ^2)^1/2 + DJ) / 2 + PE
    Total System Jitter     (TSJ):    0.071ns
    Total Input Jitter      (TIJ):    0.000ns
    Discrete Jitter          (DJ):    0.000ns
    Phase Error              (PE):    0.000ns

    Location             Delay type                Incr(ns)  Path(ns)    Netlist Resource(s)
  -------------------------------------------------------------------    -------------------
                         (clock sys_clk_pin rise edge)
                                                      0.000     0.000 r  
    W5                                                0.000     0.000 r  clk (IN)
                         net (fo=0)                   0.000     0.000    clk
    W5                   IBUF (Prop_ibuf_I_O)         1.458     1.458 r  clk_IBUF_inst/O
                         net (fo=1, routed)           1.967     3.425    clk_IBUF
    BUFGCTRL_X0Y0        BUFG (Prop_bufg_I_O)         0.096     3.521 r  clk_IBUF_BUFG_inst/O
                         net (fo=3487, routed)        1.553     5.074    game_soc/cpu/clk_IBUF_BUFG
    SLICE_X47Y21         FDCE                                         r  game_soc/cpu/mem_wb_rd_addr_reg[4]/C
  -------------------------------------------------------------------    -------------------
    SLICE_X47Y21         FDCE (Prop_fdce_C_Q)         0.456     5.530 r  game_soc/cpu/mem_wb_rd_addr_reg[4]/Q
                         net (fo=129, routed)         0.864     6.394    game_soc/cpu/register_file/valid_reg[1]_3
    SLICE_X47Y21         LUT5 (Prop_lut5_I0_O)        0.124     6.518 r  game_soc/cpu/register_file/registers_a_reg_0_31_0_5_i_3/O
                         net (fo=4, routed)           0.817     7.335    game_soc/cpu/mem_wb_can_forward0
    SLICE_X47Y22         LUT6 (Prop_lut6_I2_O)        0.124     7.459 r  game_soc/cpu/ex_mem_store_data[31]_i_7/O
                         net (fo=32, routed)          0.831     8.291    game_soc/cpu/ex_rs2_value1
    SLICE_X46Y21         LUT5 (Prop_lut5_I0_O)        0.124     8.415 r  game_soc/cpu/ex_mem_store_data[26]_i_4/O
                         net (fo=12, routed)          0.838     9.253    game_soc/cpu/ex_rs2_value[2]
    SLICE_X44Y23         LUT4 (Prop_lut4_I0_O)        0.124     9.377 r  game_soc/cpu/flush_count[0]_i_123/O
                         net (fo=2, routed)           0.376     9.752    game_soc/cpu/flush_count[0]_i_123_n_0
    SLICE_X45Y25         CARRY4 (Prop_carry4_DI[1]_CO[3])
                                                      0.507    10.259 r  game_soc/cpu/flush_count_reg[0]_i_94/CO[3]
                         net (fo=1, routed)           0.000    10.259    game_soc/cpu/flush_count_reg[0]_i_94_n_0
    SLICE_X45Y26         CARRY4 (Prop_carry4_CI_CO[3])
                                                      0.114    10.373 r  game_soc/cpu/flush_count_reg[0]_i_59/CO[3]
                         net (fo=1, routed)           0.000    10.373    game_soc/cpu/flush_count_reg[0]_i_59_n_0
    SLICE_X45Y27         CARRY4 (Prop_carry4_CI_CO[3])
                                                      0.114    10.487 r  game_soc/cpu/flush_count_reg[0]_i_22/CO[3]
                         net (fo=1, routed)           0.000    10.487    game_soc/cpu/flush_count_reg[0]_i_22_n_0
    SLICE_X45Y28         CARRY4 (Prop_carry4_CI_CO[3])
                                                      0.114    10.601 r  game_soc/cpu/flush_count_reg[0]_i_11/CO[3]
                         net (fo=1, routed)           1.268    11.869    game_soc/cpu/data4
    SLICE_X48Y24         LUT6 (Prop_lut6_I1_O)        0.124    11.993 f  game_soc/cpu/flush_count[0]_i_7/O
                         net (fo=1, routed)           0.159    12.152    game_soc/cpu/flush_count[0]_i_7_n_0
    SLICE_X48Y24         LUT5 (Prop_lut5_I1_O)        0.124    12.276 f  game_soc/cpu/flush_count[0]_i_3/O
                         net (fo=6, routed)           0.329    12.605    game_soc/cpu/p_46_in
    SLICE_X49Y22         LUT6 (Prop_lut6_I4_O)        0.124    12.729 f  game_soc/cpu/flush_count[0]_i_4/O
                         net (fo=4, routed)           0.469    13.198    game_soc/cpu/flush_count[0]_i_4_n_0
    SLICE_X51Y20         LUT6 (Prop_lut6_I1_O)        0.124    13.322 f  game_soc/cpu/id_ex_valid_i_3/O
                         net (fo=3, routed)           0.577    13.899    game_soc/cpu/fetch_address1
    SLICE_X53Y23         LUT6 (Prop_lut6_I3_O)        0.124    14.023 r  game_soc/cpu/fetch_address[31]_i_1/O
                         net (fo=32, routed)          0.590    14.613    game_soc/cpu/fetch_address[0]
    SLICE_X51Y25         FDRE                                         r  game_soc/cpu/fetch_address_reg[10]/CE
  -------------------------------------------------------------------    -------------------

                         (clock sys_clk_pin rise edge)
                                                     10.000    10.000 r  
    W5                                                0.000    10.000 r  clk (IN)
                         net (fo=0)                   0.000    10.000    clk
    W5                   IBUF (Prop_ibuf_I_O)         1.388    11.388 r  clk_IBUF_inst/O
                         net (fo=1, routed)           1.862    13.250    clk_IBUF
    BUFGCTRL_X0Y0        BUFG (Prop_bufg_I_O)         0.091    13.341 r  clk_IBUF_BUFG_inst/O
                         net (fo=3487, routed)        1.435    14.776    game_soc/cpu/clk_IBUF_BUFG
    SLICE_X51Y25         FDRE                                         r  game_soc/cpu/fetch_address_reg[10]/C
                         clock pessimism              0.260    15.036    
                         clock uncertainty           -0.035    15.001    
    SLICE_X51Y25         FDRE (Setup_fdre_C_CE)      -0.205    14.796    game_soc/cpu/fetch_address_reg[10]
  -------------------------------------------------------------------
                         required time                         14.796    
                         arrival time                         -14.613    
  -------------------------------------------------------------------
                         slack                                  0.183    

Slack (MET) :             0.183ns  (required time - arrival time)
  Source:                 game_soc/cpu/mem_wb_rd_addr_reg[4]/C
                            (rising edge-triggered cell FDCE clocked by sys_clk_pin  {rise@0.000ns fall@5.000ns period=10.000ns})
  Destination:            game_soc/cpu/fetch_address_reg[14]/CE
                            (rising edge-triggered cell FDRE clocked by sys_clk_pin  {rise@0.000ns fall@5.000ns period=10.000ns})
  Path Group:             sys_clk_pin
  Path Type:              Setup (Max at Slow Process Corner)
  Requirement:            10.000ns  (sys_clk_pin rise@10.000ns - sys_clk_pin rise@0.000ns)
  Data Path Delay:        9.539ns  (logic 2.421ns (25.380%)  route 7.118ns (74.620%))
  Logic Levels:           13  (CARRY4=4 LUT4=1 LUT5=3 LUT6=5)
  Clock Path Skew:        -0.038ns (DCD - SCD + CPR)
    Destination Clock Delay (DCD):    4.776ns = ( 14.776 - 10.000 ) 
    Source Clock Delay      (SCD):    5.074ns
    Clock Pessimism Removal (CPR):    0.260ns
  Clock Uncertainty:      0.035ns  ((TSJ^2 + TIJ^2)^1/2 + DJ) / 2 + PE
    Total System Jitter     (TSJ):    0.071ns
    Total Input Jitter      (TIJ):    0.000ns
    Discrete Jitter          (DJ):    0.000ns
    Phase Error              (PE):    0.000ns

    Location             Delay type                Incr(ns)  Path(ns)    Netlist Resource(s)
  -------------------------------------------------------------------    -------------------
                         (clock sys_clk_pin rise edge)
                                                      0.000     0.000 r  
    W5                                                0.000     0.000 r  clk (IN)
                         net (fo=0)                   0.000     0.000    clk
    W5                   IBUF (Prop_ibuf_I_O)         1.458     1.458 r  clk_IBUF_inst/O
                         net (fo=1, routed)           1.967     3.425    clk_IBUF
    BUFGCTRL_X0Y0        BUFG (Prop_bufg_I_O)         0.096     3.521 r  clk_IBUF_BUFG_inst/O
                         net (fo=3487, routed)        1.553     5.074    game_soc/cpu/clk_IBUF_BUFG
    SLICE_X47Y21         FDCE                                         r  game_soc/cpu/mem_wb_rd_addr_reg[4]/C
  -------------------------------------------------------------------    -------------------
    SLICE_X47Y21         FDCE (Prop_fdce_C_Q)         0.456     5.530 r  game_soc/cpu/mem_wb_rd_addr_reg[4]/Q
                         net (fo=129, routed)         0.864     6.394    game_soc/cpu/register_file/valid_reg[1]_3
    SLICE_X47Y21         LUT5 (Prop_lut5_I0_O)        0.124     6.518 r  game_soc/cpu/register_file/registers_a_reg_0_31_0_5_i_3/O
                         net (fo=4, routed)           0.817     7.335    game_soc/cpu/mem_wb_can_forward0
    SLICE_X47Y22         LUT6 (Prop_lut6_I2_O)        0.124     7.459 r  game_soc/cpu/ex_mem_store_data[31]_i_7/O
                         net (fo=32, routed)          0.831     8.291    game_soc/cpu/ex_rs2_value1
    SLICE_X46Y21         LUT5 (Prop_lut5_I0_O)        0.124     8.415 r  game_soc/cpu/ex_mem_store_data[26]_i_4/O
                         net (fo=12, routed)          0.838     9.253    game_soc/cpu/ex_rs2_value[2]
    SLICE_X44Y23         LUT4 (Prop_lut4_I0_O)        0.124     9.377 r  game_soc/cpu/flush_count[0]_i_123/O
                         net (fo=2, routed)           0.376     9.752    game_soc/cpu/flush_count[0]_i_123_n_0
    SLICE_X45Y25         CARRY4 (Prop_carry4_DI[1]_CO[3])
                                                      0.507    10.259 r  game_soc/cpu/flush_count_reg[0]_i_94/CO[3]
                         net (fo=1, routed)           0.000    10.259    game_soc/cpu/flush_count_reg[0]_i_94_n_0
    SLICE_X45Y26         CARRY4 (Prop_carry4_CI_CO[3])
                                                      0.114    10.373 r  game_soc/cpu/flush_count_reg[0]_i_59/CO[3]
                         net (fo=1, routed)           0.000    10.373    game_soc/cpu/flush_count_reg[0]_i_59_n_0
    SLICE_X45Y27         CARRY4 (Prop_carry4_CI_CO[3])
                                                      0.114    10.487 r  game_soc/cpu/flush_count_reg[0]_i_22/CO[3]
                         net (fo=1, routed)           0.000    10.487    game_soc/cpu/flush_count_reg[0]_i_22_n_0
    SLICE_X45Y28         CARRY4 (Prop_carry4_CI_CO[3])
                                                      0.114    10.601 r  game_soc/cpu/flush_count_reg[0]_i_11/CO[3]
                         net (fo=1, routed)           1.268    11.869    game_soc/cpu/data4
    SLICE_X48Y24         LUT6 (Prop_lut6_I1_O)        0.124    11.993 f  game_soc/cpu/flush_count[0]_i_7/O
                         net (fo=1, routed)           0.159    12.152    game_soc/cpu/flush_count[0]_i_7_n_0
    SLICE_X48Y24         LUT5 (Prop_lut5_I1_O)        0.124    12.276 f  game_soc/cpu/flush_count[0]_i_3/O
                         net (fo=6, routed)           0.329    12.605    game_soc/cpu/p_46_in
    SLICE_X49Y22         LUT6 (Prop_lut6_I4_O)        0.124    12.729 f  game_soc/cpu/flush_count[0]_i_4/O
                         net (fo=4, routed)           0.469    13.198    game_soc/cpu/flush_count[0]_i_4_n_0
    SLICE_X51Y20         LUT6 (Prop_lut6_I1_O)        0.124    13.322 f  game_soc/cpu/id_ex_valid_i_3/O
                         net (fo=3, routed)           0.577    13.899    game_soc/cpu/fetch_address1
    SLICE_X53Y23         LUT6 (Prop_lut6_I3_O)        0.124    14.023 r  game_soc/cpu/fetch_address[31]_i_1/O
                         net (fo=32, routed)          0.590    14.613    game_soc/cpu/fetch_address[0]
    SLICE_X51Y25         FDRE                                         r  game_soc/cpu/fetch_address_reg[14]/CE
  -------------------------------------------------------------------    -------------------

                         (clock sys_clk_pin rise edge)
                                                     10.000    10.000 r  
    W5                                                0.000    10.000 r  clk (IN)
                         net (fo=0)                   0.000    10.000    clk
    W5                   IBUF (Prop_ibuf_I_O)         1.388    11.388 r  clk_IBUF_inst/O
                         net (fo=1, routed)           1.862    13.250    clk_IBUF
    BUFGCTRL_X0Y0        BUFG (Prop_bufg_I_O)         0.091    13.341 r  clk_IBUF_BUFG_inst/O
                         net (fo=3487, routed)        1.435    14.776    game_soc/cpu/clk_IBUF_BUFG
    SLICE_X51Y25         FDRE                                         r  game_soc/cpu/fetch_address_reg[14]/C
                         clock pessimism              0.260    15.036    
                         clock uncertainty           -0.035    15.001    
    SLICE_X51Y25         FDRE (Setup_fdre_C_CE)      -0.205    14.796    game_soc/cpu/fetch_address_reg[14]
  -------------------------------------------------------------------
                         required time                         14.796    
                         arrival time                         -14.613    
  -------------------------------------------------------------------
                         slack                                  0.183    

Slack (MET) :             0.183ns  (required time - arrival time)
  Source:                 game_soc/cpu/mem_wb_rd_addr_reg[4]/C
                            (rising edge-triggered cell FDCE clocked by sys_clk_pin  {rise@0.000ns fall@5.000ns period=10.000ns})
  Destination:            game_soc/cpu/fetch_address_reg[6]/CE
                            (rising edge-triggered cell FDRE clocked by sys_clk_pin  {rise@0.000ns fall@5.000ns period=10.000ns})
  Path Group:             sys_clk_pin
  Path Type:              Setup (Max at Slow Process Corner)
  Requirement:            10.000ns  (sys_clk_pin rise@10.000ns - sys_clk_pin rise@0.000ns)
  Data Path Delay:        9.539ns  (logic 2.421ns (25.380%)  route 7.118ns (74.620%))
  Logic Levels:           13  (CARRY4=4 LUT4=1 LUT5=3 LUT6=5)
  Clock Path Skew:        -0.038ns (DCD - SCD + CPR)
    Destination Clock Delay (DCD):    4.776ns = ( 14.776 - 10.000 ) 
    Source Clock Delay      (SCD):    5.074ns
    Clock Pessimism Removal (CPR):    0.260ns
  Clock Uncertainty:      0.035ns  ((TSJ^2 + TIJ^2)^1/2 + DJ) / 2 + PE
    Total System Jitter     (TSJ):    0.071ns
    Total Input Jitter      (TIJ):    0.000ns
    Discrete Jitter          (DJ):    0.000ns
    Phase Error              (PE):    0.000ns

    Location             Delay type                Incr(ns)  Path(ns)    Netlist Resource(s)
  -------------------------------------------------------------------    -------------------
                         (clock sys_clk_pin rise edge)
                                                      0.000     0.000 r  
    W5                                                0.000     0.000 r  clk (IN)
                         net (fo=0)                   0.000     0.000    clk
    W5                   IBUF (Prop_ibuf_I_O)         1.458     1.458 r  clk_IBUF_inst/O
                         net (fo=1, routed)           1.967     3.425    clk_IBUF
    BUFGCTRL_X0Y0        BUFG (Prop_bufg_I_O)         0.096     3.521 r  clk_IBUF_BUFG_inst/O
                         net (fo=3487, routed)        1.553     5.074    game_soc/cpu/clk_IBUF_BUFG
    SLICE_X47Y21         FDCE                                         r  game_soc/cpu/mem_wb_rd_addr_reg[4]/C
  -------------------------------------------------------------------    -------------------
    SLICE_X47Y21         FDCE (Prop_fdce_C_Q)         0.456     5.530 r  game_soc/cpu/mem_wb_rd_addr_reg[4]/Q
                         net (fo=129, routed)         0.864     6.394    game_soc/cpu/register_file/valid_reg[1]_3
    SLICE_X47Y21         LUT5 (Prop_lut5_I0_O)        0.124     6.518 r  game_soc/cpu/register_file/registers_a_reg_0_31_0_5_i_3/O
                         net (fo=4, routed)           0.817     7.335    game_soc/cpu/mem_wb_can_forward0
    SLICE_X47Y22         LUT6 (Prop_lut6_I2_O)        0.124     7.459 r  game_soc/cpu/ex_mem_store_data[31]_i_7/O
                         net (fo=32, routed)          0.831     8.291    game_soc/cpu/ex_rs2_value1
    SLICE_X46Y21         LUT5 (Prop_lut5_I0_O)        0.124     8.415 r  game_soc/cpu/ex_mem_store_data[26]_i_4/O
                         net (fo=12, routed)          0.838     9.253    game_soc/cpu/ex_rs2_value[2]
    SLICE_X44Y23         LUT4 (Prop_lut4_I0_O)        0.124     9.377 r  game_soc/cpu/flush_count[0]_i_123/O
                         net (fo=2, routed)           0.376     9.752    game_soc/cpu/flush_count[0]_i_123_n_0
    SLICE_X45Y25         CARRY4 (Prop_carry4_DI[1]_CO[3])
                                                      0.507    10.259 r  game_soc/cpu/flush_count_reg[0]_i_94/CO[3]
                         net (fo=1, routed)           0.000    10.259    game_soc/cpu/flush_count_reg[0]_i_94_n_0
    SLICE_X45Y26         CARRY4 (Prop_carry4_CI_CO[3])
                                                      0.114    10.373 r  game_soc/cpu/flush_count_reg[0]_i_59/CO[3]
                         net (fo=1, routed)           0.000    10.373    game_soc/cpu/flush_count_reg[0]_i_59_n_0
    SLICE_X45Y27         CARRY4 (Prop_carry4_CI_CO[3])
                                                      0.114    10.487 r  game_soc/cpu/flush_count_reg[0]_i_22/CO[3]
                         net (fo=1, routed)           0.000    10.487    game_soc/cpu/flush_count_reg[0]_i_22_n_0
    SLICE_X45Y28         CARRY4 (Prop_carry4_CI_CO[3])
                                                      0.114    10.601 r  game_soc/cpu/flush_count_reg[0]_i_11/CO[3]
                         net (fo=1, routed)           1.268    11.869    game_soc/cpu/data4
    SLICE_X48Y24         LUT6 (Prop_lut6_I1_O)        0.124    11.993 f  game_soc/cpu/flush_count[0]_i_7/O
                         net (fo=1, routed)           0.159    12.152    game_soc/cpu/flush_count[0]_i_7_n_0
    SLICE_X48Y24         LUT5 (Prop_lut5_I1_O)        0.124    12.276 f  game_soc/cpu/flush_count[0]_i_3/O
                         net (fo=6, routed)           0.329    12.605    game_soc/cpu/p_46_in
    SLICE_X49Y22         LUT6 (Prop_lut6_I4_O)        0.124    12.729 f  game_soc/cpu/flush_count[0]_i_4/O
                         net (fo=4, routed)           0.469    13.198    game_soc/cpu/flush_count[0]_i_4_n_0
    SLICE_X51Y20         LUT6 (Prop_lut6_I1_O)        0.124    13.322 f  game_soc/cpu/id_ex_valid_i_3/O
                         net (fo=3, routed)           0.577    13.899    game_soc/cpu/fetch_address1
    SLICE_X53Y23         LUT6 (Prop_lut6_I3_O)        0.124    14.023 r  game_soc/cpu/fetch_address[31]_i_1/O
                         net (fo=32, routed)          0.590    14.613    game_soc/cpu/fetch_address[0]
    SLICE_X51Y25         FDRE                                         r  game_soc/cpu/fetch_address_reg[6]/CE
  -------------------------------------------------------------------    -------------------

                         (clock sys_clk_pin rise edge)
                                                     10.000    10.000 r  
    W5                                                0.000    10.000 r  clk (IN)
                         net (fo=0)                   0.000    10.000    clk
    W5                   IBUF (Prop_ibuf_I_O)         1.388    11.388 r  clk_IBUF_inst/O
                         net (fo=1, routed)           1.862    13.250    clk_IBUF
    BUFGCTRL_X0Y0        BUFG (Prop_bufg_I_O)         0.091    13.341 r  clk_IBUF_BUFG_inst/O
                         net (fo=3487, routed)        1.435    14.776    game_soc/cpu/clk_IBUF_BUFG
    SLICE_X51Y25         FDRE                                         r  game_soc/cpu/fetch_address_reg[6]/C
                         clock pessimism              0.260    15.036    
                         clock uncertainty           -0.035    15.001    
    SLICE_X51Y25         FDRE (Setup_fdre_C_CE)      -0.205    14.796    game_soc/cpu/fetch_address_reg[6]
  -------------------------------------------------------------------
                         required time                         14.796    
                         arrival time                         -14.613    
  -------------------------------------------------------------------
                         slack                                  0.183    

Slack (MET) :             0.183ns  (required time - arrival time)
  Source:                 game_soc/cpu/mem_wb_rd_addr_reg[4]/C
                            (rising edge-triggered cell FDCE clocked by sys_clk_pin  {rise@0.000ns fall@5.000ns period=10.000ns})
  Destination:            game_soc/cpu/fetch_address_reg[8]/CE
                            (rising edge-triggered cell FDRE clocked by sys_clk_pin  {rise@0.000ns fall@5.000ns period=10.000ns})
  Path Group:             sys_clk_pin
  Path Type:              Setup (Max at Slow Process Corner)
  Requirement:            10.000ns  (sys_clk_pin rise@10.000ns - sys_clk_pin rise@0.000ns)
  Data Path Delay:        9.539ns  (logic 2.421ns (25.380%)  route 7.118ns (74.620%))
  Logic Levels:           13  (CARRY4=4 LUT4=1 LUT5=3 LUT6=5)
  Clock Path Skew:        -0.038ns (DCD - SCD + CPR)
    Destination Clock Delay (DCD):    4.776ns = ( 14.776 - 10.000 ) 
    Source Clock Delay      (SCD):    5.074ns
    Clock Pessimism Removal (CPR):    0.260ns
  Clock Uncertainty:      0.035ns  ((TSJ^2 + TIJ^2)^1/2 + DJ) / 2 + PE
    Total System Jitter     (TSJ):    0.071ns
    Total Input Jitter      (TIJ):    0.000ns
    Discrete Jitter          (DJ):    0.000ns
    Phase Error              (PE):    0.000ns

    Location             Delay type                Incr(ns)  Path(ns)    Netlist Resource(s)
  -------------------------------------------------------------------    -------------------
                         (clock sys_clk_pin rise edge)
                                                      0.000     0.000 r  
    W5                                                0.000     0.000 r  clk (IN)
                         net (fo=0)                   0.000     0.000    clk
    W5                   IBUF (Prop_ibuf_I_O)         1.458     1.458 r  clk_IBUF_inst/O
                         net (fo=1, routed)           1.967     3.425    clk_IBUF
    BUFGCTRL_X0Y0        BUFG (Prop_bufg_I_O)         0.096     3.521 r  clk_IBUF_BUFG_inst/O
                         net (fo=3487, routed)        1.553     5.074    game_soc/cpu/clk_IBUF_BUFG
    SLICE_X47Y21         FDCE                                         r  game_soc/cpu/mem_wb_rd_addr_reg[4]/C
  -------------------------------------------------------------------    -------------------
    SLICE_X47Y21         FDCE (Prop_fdce_C_Q)         0.456     5.530 r  game_soc/cpu/mem_wb_rd_addr_reg[4]/Q
                         net (fo=129, routed)         0.864     6.394    game_soc/cpu/register_file/valid_reg[1]_3
    SLICE_X47Y21         LUT5 (Prop_lut5_I0_O)        0.124     6.518 r  game_soc/cpu/register_file/registers_a_reg_0_31_0_5_i_3/O
                         net (fo=4, routed)           0.817     7.335    game_soc/cpu/mem_wb_can_forward0
    SLICE_X47Y22         LUT6 (Prop_lut6_I2_O)        0.124     7.459 r  game_soc/cpu/ex_mem_store_data[31]_i_7/O
                         net (fo=32, routed)          0.831     8.291    game_soc/cpu/ex_rs2_value1
    SLICE_X46Y21         LUT5 (Prop_lut5_I0_O)        0.124     8.415 r  game_soc/cpu/ex_mem_store_data[26]_i_4/O
                         net (fo=12, routed)          0.838     9.253    game_soc/cpu/ex_rs2_value[2]
    SLICE_X44Y23         LUT4 (Prop_lut4_I0_O)        0.124     9.377 r  game_soc/cpu/flush_count[0]_i_123/O
                         net (fo=2, routed)           0.376     9.752    game_soc/cpu/flush_count[0]_i_123_n_0
    SLICE_X45Y25         CARRY4 (Prop_carry4_DI[1]_CO[3])
                                                      0.507    10.259 r  game_soc/cpu/flush_count_reg[0]_i_94/CO[3]
                         net (fo=1, routed)           0.000    10.259    game_soc/cpu/flush_count_reg[0]_i_94_n_0
    SLICE_X45Y26         CARRY4 (Prop_carry4_CI_CO[3])
                                                      0.114    10.373 r  game_soc/cpu/flush_count_reg[0]_i_59/CO[3]
                         net (fo=1, routed)           0.000    10.373    game_soc/cpu/flush_count_reg[0]_i_59_n_0
    SLICE_X45Y27         CARRY4 (Prop_carry4_CI_CO[3])
                                                      0.114    10.487 r  game_soc/cpu/flush_count_reg[0]_i_22/CO[3]
                         net (fo=1, routed)           0.000    10.487    game_soc/cpu/flush_count_reg[0]_i_22_n_0
    SLICE_X45Y28         CARRY4 (Prop_carry4_CI_CO[3])
                                                      0.114    10.601 r  game_soc/cpu/flush_count_reg[0]_i_11/CO[3]
                         net (fo=1, routed)           1.268    11.869    game_soc/cpu/data4
    SLICE_X48Y24         LUT6 (Prop_lut6_I1_O)        0.124    11.993 f  game_soc/cpu/flush_count[0]_i_7/O
                         net (fo=1, routed)           0.159    12.152    game_soc/cpu/flush_count[0]_i_7_n_0
    SLICE_X48Y24         LUT5 (Prop_lut5_I1_O)        0.124    12.276 f  game_soc/cpu/flush_count[0]_i_3/O
                         net (fo=6, routed)           0.329    12.605    game_soc/cpu/p_46_in
    SLICE_X49Y22         LUT6 (Prop_lut6_I4_O)        0.124    12.729 f  game_soc/cpu/flush_count[0]_i_4/O
                         net (fo=4, routed)           0.469    13.198    game_soc/cpu/flush_count[0]_i_4_n_0
    SLICE_X51Y20         LUT6 (Prop_lut6_I1_O)        0.124    13.322 f  game_soc/cpu/id_ex_valid_i_3/O
                         net (fo=3, routed)           0.577    13.899    game_soc/cpu/fetch_address1
    SLICE_X53Y23         LUT6 (Prop_lut6_I3_O)        0.124    14.023 r  game_soc/cpu/fetch_address[31]_i_1/O
                         net (fo=32, routed)          0.590    14.613    game_soc/cpu/fetch_address[0]
    SLICE_X51Y25         FDRE                                         r  game_soc/cpu/fetch_address_reg[8]/CE
  -------------------------------------------------------------------    -------------------

                         (clock sys_clk_pin rise edge)
                                                     10.000    10.000 r  
    W5                                                0.000    10.000 r  clk (IN)
                         net (fo=0)                   0.000    10.000    clk
    W5                   IBUF (Prop_ibuf_I_O)         1.388    11.388 r  clk_IBUF_inst/O
                         net (fo=1, routed)           1.862    13.250    clk_IBUF
    BUFGCTRL_X0Y0        BUFG (Prop_bufg_I_O)         0.091    13.341 r  clk_IBUF_BUFG_inst/O
                         net (fo=3487, routed)        1.435    14.776    game_soc/cpu/clk_IBUF_BUFG
    SLICE_X51Y25         FDRE                                         r  game_soc/cpu/fetch_address_reg[8]/C
                         clock pessimism              0.260    15.036    
                         clock uncertainty           -0.035    15.001    
    SLICE_X51Y25         FDRE (Setup_fdre_C_CE)      -0.205    14.796    game_soc/cpu/fetch_address_reg[8]
  -------------------------------------------------------------------
                         required time                         14.796    
                         arrival time                         -14.613    
  -------------------------------------------------------------------
                         slack                                  0.183    

Slack (MET) :             0.194ns  (required time - arrival time)
  Source:                 game_soc/cpu/mem_wb_rd_addr_reg[4]/C
                            (rising edge-triggered cell FDCE clocked by sys_clk_pin  {rise@0.000ns fall@5.000ns period=10.000ns})
  Destination:            game_soc/cpu/fetch_address_reg[15]/CE
                            (rising edge-triggered cell FDRE clocked by sys_clk_pin  {rise@0.000ns fall@5.000ns period=10.000ns})
  Path Group:             sys_clk_pin
  Path Type:              Setup (Max at Slow Process Corner)
  Requirement:            10.000ns  (sys_clk_pin rise@10.000ns - sys_clk_pin rise@0.000ns)
  Data Path Delay:        9.527ns  (logic 2.421ns (25.411%)  route 7.106ns (74.589%))
  Logic Levels:           13  (CARRY4=4 LUT4=1 LUT5=3 LUT6=5)
  Clock Path Skew:        -0.038ns (DCD - SCD + CPR)
    Destination Clock Delay (DCD):    4.776ns = ( 14.776 - 10.000 ) 
    Source Clock Delay      (SCD):    5.074ns
    Clock Pessimism Removal (CPR):    0.260ns
  Clock Uncertainty:      0.035ns  ((TSJ^2 + TIJ^2)^1/2 + DJ) / 2 + PE
    Total System Jitter     (TSJ):    0.071ns
    Total Input Jitter      (TIJ):    0.000ns
    Discrete Jitter          (DJ):    0.000ns
    Phase Error              (PE):    0.000ns

    Location             Delay type                Incr(ns)  Path(ns)    Netlist Resource(s)
  -------------------------------------------------------------------    -------------------
                         (clock sys_clk_pin rise edge)
                                                      0.000     0.000 r  
    W5                                                0.000     0.000 r  clk (IN)
                         net (fo=0)                   0.000     0.000    clk
    W5                   IBUF (Prop_ibuf_I_O)         1.458     1.458 r  clk_IBUF_inst/O
                         net (fo=1, routed)           1.967     3.425    clk_IBUF
    BUFGCTRL_X0Y0        BUFG (Prop_bufg_I_O)         0.096     3.521 r  clk_IBUF_BUFG_inst/O
                         net (fo=3487, routed)        1.553     5.074    game_soc/cpu/clk_IBUF_BUFG
    SLICE_X47Y21         FDCE                                         r  game_soc/cpu/mem_wb_rd_addr_reg[4]/C
  -------------------------------------------------------------------    -------------------
    SLICE_X47Y21         FDCE (Prop_fdce_C_Q)         0.456     5.530 r  game_soc/cpu/mem_wb_rd_addr_reg[4]/Q
                         net (fo=129, routed)         0.864     6.394    game_soc/cpu/register_file/valid_reg[1]_3
    SLICE_X47Y21         LUT5 (Prop_lut5_I0_O)        0.124     6.518 r  game_soc/cpu/register_file/registers_a_reg_0_31_0_5_i_3/O
                         net (fo=4, routed)           0.817     7.335    game_soc/cpu/mem_wb_can_forward0
    SLICE_X47Y22         LUT6 (Prop_lut6_I2_O)        0.124     7.459 r  game_soc/cpu/ex_mem_store_data[31]_i_7/O
                         net (fo=32, routed)          0.831     8.291    game_soc/cpu/ex_rs2_value1
    SLICE_X46Y21         LUT5 (Prop_lut5_I0_O)        0.124     8.415 r  game_soc/cpu/ex_mem_store_data[26]_i_4/O
                         net (fo=12, routed)          0.838     9.253    game_soc/cpu/ex_rs2_value[2]
    SLICE_X44Y23         LUT4 (Prop_lut4_I0_O)        0.124     9.377 r  game_soc/cpu/flush_count[0]_i_123/O
                         net (fo=2, routed)           0.376     9.752    game_soc/cpu/flush_count[0]_i_123_n_0
    SLICE_X45Y25         CARRY4 (Prop_carry4_DI[1]_CO[3])
                                                      0.507    10.259 r  game_soc/cpu/flush_count_reg[0]_i_94/CO[3]
                         net (fo=1, routed)           0.000    10.259    game_soc/cpu/flush_count_reg[0]_i_94_n_0
    SLICE_X45Y26         CARRY4 (Prop_carry4_CI_CO[3])
                                                      0.114    10.373 r  game_soc/cpu/flush_count_reg[0]_i_59/CO[3]
                         net (fo=1, routed)           0.000    10.373    game_soc/cpu/flush_count_reg[0]_i_59_n_0
    SLICE_X45Y27         CARRY4 (Prop_carry4_CI_CO[3])
                                                      0.114    10.487 r  game_soc/cpu/flush_count_reg[0]_i_22/CO[3]
                         net (fo=1, routed)           0.000    10.487    game_soc/cpu/flush_count_reg[0]_i_22_n_0
    SLICE_X45Y28         CARRY4 (Prop_carry4_CI_CO[3])
                                                      0.114    10.601 r  game_soc/cpu/flush_count_reg[0]_i_11/CO[3]
                         net (fo=1, routed)           1.268    11.869    game_soc/cpu/data4
    SLICE_X48Y24         LUT6 (Prop_lut6_I1_O)        0.124    11.993 f  game_soc/cpu/flush_count[0]_i_7/O
                         net (fo=1, routed)           0.159    12.152    game_soc/cpu/flush_count[0]_i_7_n_0
    SLICE_X48Y24         LUT5 (Prop_lut5_I1_O)        0.124    12.276 f  game_soc/cpu/flush_count[0]_i_3/O
                         net (fo=6, routed)           0.329    12.605    game_soc/cpu/p_46_in
    SLICE_X49Y22         LUT6 (Prop_lut6_I4_O)        0.124    12.729 f  game_soc/cpu/flush_count[0]_i_4/O
                         net (fo=4, routed)           0.469    13.198    game_soc/cpu/flush_count[0]_i_4_n_0
    SLICE_X51Y20         LUT6 (Prop_lut6_I1_O)        0.124    13.322 f  game_soc/cpu/id_ex_valid_i_3/O
                         net (fo=3, routed)           0.577    13.899    game_soc/cpu/fetch_address1
    SLICE_X53Y23         LUT6 (Prop_lut6_I3_O)        0.124    14.023 r  game_soc/cpu/fetch_address[31]_i_1/O
                         net (fo=32, routed)          0.578    14.602    game_soc/cpu/fetch_address[0]
    SLICE_X53Y25         FDRE                                         r  game_soc/cpu/fetch_address_reg[15]/CE
  -------------------------------------------------------------------    -------------------

                         (clock sys_clk_pin rise edge)
                                                     10.000    10.000 r  
    W5                                                0.000    10.000 r  clk (IN)
                         net (fo=0)                   0.000    10.000    clk
    W5                   IBUF (Prop_ibuf_I_O)         1.388    11.388 r  clk_IBUF_inst/O
                         net (fo=1, routed)           1.862    13.250    clk_IBUF
    BUFGCTRL_X0Y0        BUFG (Prop_bufg_I_O)         0.091    13.341 r  clk_IBUF_BUFG_inst/O
                         net (fo=3487, routed)        1.435    14.776    game_soc/cpu/clk_IBUF_BUFG
    SLICE_X53Y25         FDRE                                         r  game_soc/cpu/fetch_address_reg[15]/C
                         clock pessimism              0.260    15.036    
                         clock uncertainty           -0.035    15.001    
    SLICE_X53Y25         FDRE (Setup_fdre_C_CE)      -0.205    14.796    game_soc/cpu/fetch_address_reg[15]
  -------------------------------------------------------------------
                         required time                         14.796    
                         arrival time                         -14.602    
  -------------------------------------------------------------------
                         slack                                  0.194    

Slack (MET) :             0.194ns  (required time - arrival time)
  Source:                 game_soc/cpu/mem_wb_rd_addr_reg[4]/C
                            (rising edge-triggered cell FDCE clocked by sys_clk_pin  {rise@0.000ns fall@5.000ns period=10.000ns})
  Destination:            game_soc/cpu/fetch_address_reg[17]/CE
                            (rising edge-triggered cell FDRE clocked by sys_clk_pin  {rise@0.000ns fall@5.000ns period=10.000ns})
  Path Group:             sys_clk_pin
  Path Type:              Setup (Max at Slow Process Corner)
  Requirement:            10.000ns  (sys_clk_pin rise@10.000ns - sys_clk_pin rise@0.000ns)
  Data Path Delay:        9.527ns  (logic 2.421ns (25.411%)  route 7.106ns (74.589%))
  Logic Levels:           13  (CARRY4=4 LUT4=1 LUT5=3 LUT6=5)
  Clock Path Skew:        -0.038ns (DCD - SCD + CPR)
    Destination Clock Delay (DCD):    4.776ns = ( 14.776 - 10.000 ) 
    Source Clock Delay      (SCD):    5.074ns
    Clock Pessimism Removal (CPR):    0.260ns
  Clock Uncertainty:      0.035ns  ((TSJ^2 + TIJ^2)^1/2 + DJ) / 2 + PE
    Total System Jitter     (TSJ):    0.071ns
    Total Input Jitter      (TIJ):    0.000ns
    Discrete Jitter          (DJ):    0.000ns
    Phase Error              (PE):    0.000ns

    Location             Delay type                Incr(ns)  Path(ns)    Netlist Resource(s)
  -------------------------------------------------------------------    -------------------
                         (clock sys_clk_pin rise edge)
                                                      0.000     0.000 r  
    W5                                                0.000     0.000 r  clk (IN)
                         net (fo=0)                   0.000     0.000    clk
    W5                   IBUF (Prop_ibuf_I_O)         1.458     1.458 r  clk_IBUF_inst/O
                         net (fo=1, routed)           1.967     3.425    clk_IBUF
    BUFGCTRL_X0Y0        BUFG (Prop_bufg_I_O)         0.096     3.521 r  clk_IBUF_BUFG_inst/O
                         net (fo=3487, routed)        1.553     5.074    game_soc/cpu/clk_IBUF_BUFG
    SLICE_X47Y21         FDCE                                         r  game_soc/cpu/mem_wb_rd_addr_reg[4]/C
  -------------------------------------------------------------------    -------------------
    SLICE_X47Y21         FDCE (Prop_fdce_C_Q)         0.456     5.530 r  game_soc/cpu/mem_wb_rd_addr_reg[4]/Q
                         net (fo=129, routed)         0.864     6.394    game_soc/cpu/register_file/valid_reg[1]_3
    SLICE_X47Y21         LUT5 (Prop_lut5_I0_O)        0.124     6.518 r  game_soc/cpu/register_file/registers_a_reg_0_31_0_5_i_3/O
                         net (fo=4, routed)           0.817     7.335    game_soc/cpu/mem_wb_can_forward0
    SLICE_X47Y22         LUT6 (Prop_lut6_I2_O)        0.124     7.459 r  game_soc/cpu/ex_mem_store_data[31]_i_7/O
                         net (fo=32, routed)          0.831     8.291    game_soc/cpu/ex_rs2_value1
    SLICE_X46Y21         LUT5 (Prop_lut5_I0_O)        0.124     8.415 r  game_soc/cpu/ex_mem_store_data[26]_i_4/O
                         net (fo=12, routed)          0.838     9.253    game_soc/cpu/ex_rs2_value[2]
    SLICE_X44Y23         LUT4 (Prop_lut4_I0_O)        0.124     9.377 r  game_soc/cpu/flush_count[0]_i_123/O
                         net (fo=2, routed)           0.376     9.752    game_soc/cpu/flush_count[0]_i_123_n_0
    SLICE_X45Y25         CARRY4 (Prop_carry4_DI[1]_CO[3])
                                                      0.507    10.259 r  game_soc/cpu/flush_count_reg[0]_i_94/CO[3]
                         net (fo=1, routed)           0.000    10.259    game_soc/cpu/flush_count_reg[0]_i_94_n_0
    SLICE_X45Y26         CARRY4 (Prop_carry4_CI_CO[3])
                                                      0.114    10.373 r  game_soc/cpu/flush_count_reg[0]_i_59/CO[3]
                         net (fo=1, routed)           0.000    10.373    game_soc/cpu/flush_count_reg[0]_i_59_n_0
    SLICE_X45Y27         CARRY4 (Prop_carry4_CI_CO[3])
                                                      0.114    10.487 r  game_soc/cpu/flush_count_reg[0]_i_22/CO[3]
                         net (fo=1, routed)           0.000    10.487    game_soc/cpu/flush_count_reg[0]_i_22_n_0
    SLICE_X45Y28         CARRY4 (Prop_carry4_CI_CO[3])
                                                      0.114    10.601 r  game_soc/cpu/flush_count_reg[0]_i_11/CO[3]
                         net (fo=1, routed)           1.268    11.869    game_soc/cpu/data4
    SLICE_X48Y24         LUT6 (Prop_lut6_I1_O)        0.124    11.993 f  game_soc/cpu/flush_count[0]_i_7/O
                         net (fo=1, routed)           0.159    12.152    game_soc/cpu/flush_count[0]_i_7_n_0
    SLICE_X48Y24         LUT5 (Prop_lut5_I1_O)        0.124    12.276 f  game_soc/cpu/flush_count[0]_i_3/O
                         net (fo=6, routed)           0.329    12.605    game_soc/cpu/p_46_in
    SLICE_X49Y22         LUT6 (Prop_lut6_I4_O)        0.124    12.729 f  game_soc/cpu/flush_count[0]_i_4/O
                         net (fo=4, routed)           0.469    13.198    game_soc/cpu/flush_count[0]_i_4_n_0
    SLICE_X51Y20         LUT6 (Prop_lut6_I1_O)        0.124    13.322 f  game_soc/cpu/id_ex_valid_i_3/O
                         net (fo=3, routed)           0.577    13.899    game_soc/cpu/fetch_address1
    SLICE_X53Y23         LUT6 (Prop_lut6_I3_O)        0.124    14.023 r  game_soc/cpu/fetch_address[31]_i_1/O
                         net (fo=32, routed)          0.578    14.602    game_soc/cpu/fetch_address[0]
    SLICE_X53Y25         FDRE                                         r  game_soc/cpu/fetch_address_reg[17]/CE
  -------------------------------------------------------------------    -------------------

                         (clock sys_clk_pin rise edge)
                                                     10.000    10.000 r  
    W5                                                0.000    10.000 r  clk (IN)
                         net (fo=0)                   0.000    10.000    clk
    W5                   IBUF (Prop_ibuf_I_O)         1.388    11.388 r  clk_IBUF_inst/O
                         net (fo=1, routed)           1.862    13.250    clk_IBUF
    BUFGCTRL_X0Y0        BUFG (Prop_bufg_I_O)         0.091    13.341 r  clk_IBUF_BUFG_inst/O
                         net (fo=3487, routed)        1.435    14.776    game_soc/cpu/clk_IBUF_BUFG
    SLICE_X53Y25         FDRE                                         r  game_soc/cpu/fetch_address_reg[17]/C
                         clock pessimism              0.260    15.036    
                         clock uncertainty           -0.035    15.001    
    SLICE_X53Y25         FDRE (Setup_fdre_C_CE)      -0.205    14.796    game_soc/cpu/fetch_address_reg[17]
  -------------------------------------------------------------------
                         required time                         14.796    
                         arrival time                         -14.602    
  -------------------------------------------------------------------
                         slack                                  0.194    

Slack (MET) :             0.194ns  (required time - arrival time)
  Source:                 game_soc/cpu/mem_wb_rd_addr_reg[4]/C
                            (rising edge-triggered cell FDCE clocked by sys_clk_pin  {rise@0.000ns fall@5.000ns period=10.000ns})
  Destination:            game_soc/cpu/fetch_address_reg[18]/CE
                            (rising edge-triggered cell FDRE clocked by sys_clk_pin  {rise@0.000ns fall@5.000ns period=10.000ns})
  Path Group:             sys_clk_pin
  Path Type:              Setup (Max at Slow Process Corner)
  Requirement:            10.000ns  (sys_clk_pin rise@10.000ns - sys_clk_pin rise@0.000ns)
  Data Path Delay:        9.527ns  (logic 2.421ns (25.411%)  route 7.106ns (74.589%))
  Logic Levels:           13  (CARRY4=4 LUT4=1 LUT5=3 LUT6=5)
  Clock Path Skew:        -0.038ns (DCD - SCD + CPR)
    Destination Clock Delay (DCD):    4.776ns = ( 14.776 - 10.000 ) 
    Source Clock Delay      (SCD):    5.074ns
    Clock Pessimism Removal (CPR):    0.260ns
  Clock Uncertainty:      0.035ns  ((TSJ^2 + TIJ^2)^1/2 + DJ) / 2 + PE
    Total System Jitter     (TSJ):    0.071ns
    Total Input Jitter      (TIJ):    0.000ns
    Discrete Jitter          (DJ):    0.000ns
    Phase Error              (PE):    0.000ns

    Location             Delay type                Incr(ns)  Path(ns)    Netlist Resource(s)
  -------------------------------------------------------------------    -------------------
                         (clock sys_clk_pin rise edge)
                                                      0.000     0.000 r  
    W5                                                0.000     0.000 r  clk (IN)
                         net (fo=0)                   0.000     0.000    clk
    W5                   IBUF (Prop_ibuf_I_O)         1.458     1.458 r  clk_IBUF_inst/O
                         net (fo=1, routed)           1.967     3.425    clk_IBUF
    BUFGCTRL_X0Y0        BUFG (Prop_bufg_I_O)         0.096     3.521 r  clk_IBUF_BUFG_inst/O
                         net (fo=3487, routed)        1.553     5.074    game_soc/cpu/clk_IBUF_BUFG
    SLICE_X47Y21         FDCE                                         r  game_soc/cpu/mem_wb_rd_addr_reg[4]/C
  -------------------------------------------------------------------    -------------------
    SLICE_X47Y21         FDCE (Prop_fdce_C_Q)         0.456     5.530 r  game_soc/cpu/mem_wb_rd_addr_reg[4]/Q
                         net (fo=129, routed)         0.864     6.394    game_soc/cpu/register_file/valid_reg[1]_3
    SLICE_X47Y21         LUT5 (Prop_lut5_I0_O)        0.124     6.518 r  game_soc/cpu/register_file/registers_a_reg_0_31_0_5_i_3/O
                         net (fo=4, routed)           0.817     7.335    game_soc/cpu/mem_wb_can_forward0
    SLICE_X47Y22         LUT6 (Prop_lut6_I2_O)        0.124     7.459 r  game_soc/cpu/ex_mem_store_data[31]_i_7/O
                         net (fo=32, routed)          0.831     8.291    game_soc/cpu/ex_rs2_value1
    SLICE_X46Y21         LUT5 (Prop_lut5_I0_O)        0.124     8.415 r  game_soc/cpu/ex_mem_store_data[26]_i_4/O
                         net (fo=12, routed)          0.838     9.253    game_soc/cpu/ex_rs2_value[2]
    SLICE_X44Y23         LUT4 (Prop_lut4_I0_O)        0.124     9.377 r  game_soc/cpu/flush_count[0]_i_123/O
                         net (fo=2, routed)           0.376     9.752    game_soc/cpu/flush_count[0]_i_123_n_0
    SLICE_X45Y25         CARRY4 (Prop_carry4_DI[1]_CO[3])
                                                      0.507    10.259 r  game_soc/cpu/flush_count_reg[0]_i_94/CO[3]
                         net (fo=1, routed)           0.000    10.259    game_soc/cpu/flush_count_reg[0]_i_94_n_0
    SLICE_X45Y26         CARRY4 (Prop_carry4_CI_CO[3])
                                                      0.114    10.373 r  game_soc/cpu/flush_count_reg[0]_i_59/CO[3]
                         net (fo=1, routed)           0.000    10.373    game_soc/cpu/flush_count_reg[0]_i_59_n_0
    SLICE_X45Y27         CARRY4 (Prop_carry4_CI_CO[3])
                                                      0.114    10.487 r  game_soc/cpu/flush_count_reg[0]_i_22/CO[3]
                         net (fo=1, routed)           0.000    10.487    game_soc/cpu/flush_count_reg[0]_i_22_n_0
    SLICE_X45Y28         CARRY4 (Prop_carry4_CI_CO[3])
                                                      0.114    10.601 r  game_soc/cpu/flush_count_reg[0]_i_11/CO[3]
                         net (fo=1, routed)           1.268    11.869    game_soc/cpu/data4
    SLICE_X48Y24         LUT6 (Prop_lut6_I1_O)        0.124    11.993 f  game_soc/cpu/flush_count[0]_i_7/O
                         net (fo=1, routed)           0.159    12.152    game_soc/cpu/flush_count[0]_i_7_n_0
    SLICE_X48Y24         LUT5 (Prop_lut5_I1_O)        0.124    12.276 f  game_soc/cpu/flush_count[0]_i_3/O
                         net (fo=6, routed)           0.329    12.605    game_soc/cpu/p_46_in
    SLICE_X49Y22         LUT6 (Prop_lut6_I4_O)        0.124    12.729 f  game_soc/cpu/flush_count[0]_i_4/O
                         net (fo=4, routed)           0.469    13.198    game_soc/cpu/flush_count[0]_i_4_n_0
    SLICE_X51Y20         LUT6 (Prop_lut6_I1_O)        0.124    13.322 f  game_soc/cpu/id_ex_valid_i_3/O
                         net (fo=3, routed)           0.577    13.899    game_soc/cpu/fetch_address1
    SLICE_X53Y23         LUT6 (Prop_lut6_I3_O)        0.124    14.023 r  game_soc/cpu/fetch_address[31]_i_1/O
                         net (fo=32, routed)          0.578    14.602    game_soc/cpu/fetch_address[0]
    SLICE_X53Y25         FDRE                                         r  game_soc/cpu/fetch_address_reg[18]/CE
  -------------------------------------------------------------------    -------------------

                         (clock sys_clk_pin rise edge)
                                                     10.000    10.000 r  
    W5                                                0.000    10.000 r  clk (IN)
                         net (fo=0)                   0.000    10.000    clk
    W5                   IBUF (Prop_ibuf_I_O)         1.388    11.388 r  clk_IBUF_inst/O
                         net (fo=1, routed)           1.862    13.250    clk_IBUF
    BUFGCTRL_X0Y0        BUFG (Prop_bufg_I_O)         0.091    13.341 r  clk_IBUF_BUFG_inst/O
                         net (fo=3487, routed)        1.435    14.776    game_soc/cpu/clk_IBUF_BUFG
    SLICE_X53Y25         FDRE                                         r  game_soc/cpu/fetch_address_reg[18]/C
                         clock pessimism              0.260    15.036    
                         clock uncertainty           -0.035    15.001    
    SLICE_X53Y25         FDRE (Setup_fdre_C_CE)      -0.205    14.796    game_soc/cpu/fetch_address_reg[18]
  -------------------------------------------------------------------
                         required time                         14.796    
                         arrival time                         -14.602    
  -------------------------------------------------------------------
                         slack                                  0.194    

Slack (MET) :             0.194ns  (required time - arrival time)
  Source:                 game_soc/cpu/mem_wb_rd_addr_reg[4]/C
                            (rising edge-triggered cell FDCE clocked by sys_clk_pin  {rise@0.000ns fall@5.000ns period=10.000ns})
  Destination:            game_soc/cpu/fetch_address_reg[9]/CE
                            (rising edge-triggered cell FDRE clocked by sys_clk_pin  {rise@0.000ns fall@5.000ns period=10.000ns})
  Path Group:             sys_clk_pin
  Path Type:              Setup (Max at Slow Process Corner)
  Requirement:            10.000ns  (sys_clk_pin rise@10.000ns - sys_clk_pin rise@0.000ns)
  Data Path Delay:        9.527ns  (logic 2.421ns (25.411%)  route 7.106ns (74.589%))
  Logic Levels:           13  (CARRY4=4 LUT4=1 LUT5=3 LUT6=5)
  Clock Path Skew:        -0.038ns (DCD - SCD + CPR)
    Destination Clock Delay (DCD):    4.776ns = ( 14.776 - 10.000 ) 
    Source Clock Delay      (SCD):    5.074ns
    Clock Pessimism Removal (CPR):    0.260ns
  Clock Uncertainty:      0.035ns  ((TSJ^2 + TIJ^2)^1/2 + DJ) / 2 + PE
    Total System Jitter     (TSJ):    0.071ns
    Total Input Jitter      (TIJ):    0.000ns
    Discrete Jitter          (DJ):    0.000ns
    Phase Error              (PE):    0.000ns

    Location             Delay type                Incr(ns)  Path(ns)    Netlist Resource(s)
  -------------------------------------------------------------------    -------------------
                         (clock sys_clk_pin rise edge)
                                                      0.000     0.000 r  
    W5                                                0.000     0.000 r  clk (IN)
                         net (fo=0)                   0.000     0.000    clk
    W5                   IBUF (Prop_ibuf_I_O)         1.458     1.458 r  clk_IBUF_inst/O
                         net (fo=1, routed)           1.967     3.425    clk_IBUF
    BUFGCTRL_X0Y0        BUFG (Prop_bufg_I_O)         0.096     3.521 r  clk_IBUF_BUFG_inst/O
                         net (fo=3487, routed)        1.553     5.074    game_soc/cpu/clk_IBUF_BUFG
    SLICE_X47Y21         FDCE                                         r  game_soc/cpu/mem_wb_rd_addr_reg[4]/C
  -------------------------------------------------------------------    -------------------
    SLICE_X47Y21         FDCE (Prop_fdce_C_Q)         0.456     5.530 r  game_soc/cpu/mem_wb_rd_addr_reg[4]/Q
                         net (fo=129, routed)         0.864     6.394    game_soc/cpu/register_file/valid_reg[1]_3
    SLICE_X47Y21         LUT5 (Prop_lut5_I0_O)        0.124     6.518 r  game_soc/cpu/register_file/registers_a_reg_0_31_0_5_i_3/O
                         net (fo=4, routed)           0.817     7.335    game_soc/cpu/mem_wb_can_forward0
    SLICE_X47Y22         LUT6 (Prop_lut6_I2_O)        0.124     7.459 r  game_soc/cpu/ex_mem_store_data[31]_i_7/O
                         net (fo=32, routed)          0.831     8.291    game_soc/cpu/ex_rs2_value1
    SLICE_X46Y21         LUT5 (Prop_lut5_I0_O)        0.124     8.415 r  game_soc/cpu/ex_mem_store_data[26]_i_4/O
                         net (fo=12, routed)          0.838     9.253    game_soc/cpu/ex_rs2_value[2]
    SLICE_X44Y23         LUT4 (Prop_lut4_I0_O)        0.124     9.377 r  game_soc/cpu/flush_count[0]_i_123/O
                         net (fo=2, routed)           0.376     9.752    game_soc/cpu/flush_count[0]_i_123_n_0
    SLICE_X45Y25         CARRY4 (Prop_carry4_DI[1]_CO[3])
                                                      0.507    10.259 r  game_soc/cpu/flush_count_reg[0]_i_94/CO[3]
                         net (fo=1, routed)           0.000    10.259    game_soc/cpu/flush_count_reg[0]_i_94_n_0
    SLICE_X45Y26         CARRY4 (Prop_carry4_CI_CO[3])
                                                      0.114    10.373 r  game_soc/cpu/flush_count_reg[0]_i_59/CO[3]
                         net (fo=1, routed)           0.000    10.373    game_soc/cpu/flush_count_reg[0]_i_59_n_0
    SLICE_X45Y27         CARRY4 (Prop_carry4_CI_CO[3])
                                                      0.114    10.487 r  game_soc/cpu/flush_count_reg[0]_i_22/CO[3]
                         net (fo=1, routed)           0.000    10.487    game_soc/cpu/flush_count_reg[0]_i_22_n_0
    SLICE_X45Y28         CARRY4 (Prop_carry4_CI_CO[3])
                                                      0.114    10.601 r  game_soc/cpu/flush_count_reg[0]_i_11/CO[3]
                         net (fo=1, routed)           1.268    11.869    game_soc/cpu/data4
    SLICE_X48Y24         LUT6 (Prop_lut6_I1_O)        0.124    11.993 f  game_soc/cpu/flush_count[0]_i_7/O
                         net (fo=1, routed)           0.159    12.152    game_soc/cpu/flush_count[0]_i_7_n_0
    SLICE_X48Y24         LUT5 (Prop_lut5_I1_O)        0.124    12.276 f  game_soc/cpu/flush_count[0]_i_3/O
                         net (fo=6, routed)           0.329    12.605    game_soc/cpu/p_46_in
    SLICE_X49Y22         LUT6 (Prop_lut6_I4_O)        0.124    12.729 f  game_soc/cpu/flush_count[0]_i_4/O
                         net (fo=4, routed)           0.469    13.198    game_soc/cpu/flush_count[0]_i_4_n_0
    SLICE_X51Y20         LUT6 (Prop_lut6_I1_O)        0.124    13.322 f  game_soc/cpu/id_ex_valid_i_3/O
                         net (fo=3, routed)           0.577    13.899    game_soc/cpu/fetch_address1
    SLICE_X53Y23         LUT6 (Prop_lut6_I3_O)        0.124    14.023 r  game_soc/cpu/fetch_address[31]_i_1/O
                         net (fo=32, routed)          0.578    14.602    game_soc/cpu/fetch_address[0]
    SLICE_X53Y25         FDRE                                         r  game_soc/cpu/fetch_address_reg[9]/CE
  -------------------------------------------------------------------    -------------------

                         (clock sys_clk_pin rise edge)
                                                     10.000    10.000 r  
    W5                                                0.000    10.000 r  clk (IN)
                         net (fo=0)                   0.000    10.000    clk
    W5                   IBUF (Prop_ibuf_I_O)         1.388    11.388 r  clk_IBUF_inst/O
                         net (fo=1, routed)           1.862    13.250    clk_IBUF
    BUFGCTRL_X0Y0        BUFG (Prop_bufg_I_O)         0.091    13.341 r  clk_IBUF_BUFG_inst/O
                         net (fo=3487, routed)        1.435    14.776    game_soc/cpu/clk_IBUF_BUFG
    SLICE_X53Y25         FDRE                                         r  game_soc/cpu/fetch_address_reg[9]/C
                         clock pessimism              0.260    15.036    
                         clock uncertainty           -0.035    15.001    
    SLICE_X53Y25         FDRE (Setup_fdre_C_CE)      -0.205    14.796    game_soc/cpu/fetch_address_reg[9]
  -------------------------------------------------------------------
                         required time                         14.796    
                         arrival time                         -14.602    
  -------------------------------------------------------------------
                         slack                                  0.194    




